seed,n,eph,per
0,10000,2.18931e-2,0.8492031
0,10000,1.99927e-2,0.756438
0,10000,2.15283e-2,0.7205303
0,10000,1.89214e-2,0.7209369
0,10000,3.16834e-2,0.8714948
0,10000,3.82699e-2,1.0832838
0,10000,2.54389e-2,1.0743957
0,10000,2.65718e-2,1.0184955
0,10000,4.02295e-2,1.3147332
0,10000,3.32706e-2,1.2292587
1,10000,4.86551e-2,1.1604671
1,10000,4.91018e-2,1.0664654
1,10000,3.41353e-2,1.0892055
1,10000,4.40042e-2,1.0433995
1,10000,3.94738e-2,1.0920208
1,10000,3.32521e-2,0.9326203
1,10000,3.69032e-2,1.0582926
1,10000,2.55508e-2,0.9963311
1,10000,2.55902e-2,1.0307964
1,10000,2.44699e-2,0.9592883
2,10000,6.02185e-2,0.9754645
2,10000,3.7436e-2,0.9674982
2,10000,3.96859e-2,0.9799085
2,10000,3.60652e-2,1.0945243
2,10000,3.68817e-2,1.0142587
2,10000,3.67822e-2,1.0572401
2,10000,3.66499e-2,1.017483
2,10000,3.66029e-2,1.0394846
2,10000,3.58324e-2,0.9794166
2,10000,3.5534e-2,1.0621214
3,10000,3.97185e-2,0.9706701
3,10000,2.65606e-2,1.0296803
3,10000,3.42772e-2,1.0083121
3,10000,2.47564e-2,0.997646
3,10000,2.49291e-2,0.9560418
3,10000,3.94317e-2,0.9654831
3,10000,4.66531e-2,0.8708882
3,10000,2.66052e-2,0.960978
3,10000,3.71302e-2,0.8771144
3,10000,3.87497e-2,1.0719368
4,10000,2.49534e-2,0.9872173
4,10000,2.53282e-2,0.9307466
4,10000,4.25771e-2,0.8786392
4,10000,2.4712e-2,1.0291418
4,10000,5.59532e-2,0.9108074
4,10000,2.59706e-2,0.9159692
4,10000,3.8499e-2,0.9397723
4,10000,2.48853e-2,1.024729
4,10000,2.6578e-2,0.8760253
4,10000,3.57393e-2,0.9686194
5,10000,3.61159e-2,0.9897234
5,10000,3.66997e-2,0.9863216
5,10000,3.03415e-2,1.0689736
5,10000,3.76203e-2,0.9409751
5,10000,2.48069e-2,0.9144516
5,10000,5.18003e-2,1.0334895
5,10000,2.51283e-2,0.8847608
5,10000,2.47339e-2,0.9570929
5,10000,3.23305e-2,0.8499502
5,10000,4.36847e-2,0.9933289
6,10000,2.51788e-2,1.0532418
6,10000,3.53019e-2,1.0715668
6,10000,2.43879e-2,1.0901996
6,10000,3.22467e-2,0.8967059
6,10000,2.47288e-2,0.9960453
6,10000,4.42044e-2,1.0247259
6,10000,5.60973e-2,0.9202343
6,10000,3.59204e-2,1.0247124
6,10000,3.3406e-2,0.9524972
6,10000,2.56571e-2,1.0179614
7,10000,3.71318e-2,1.0801873
7,10000,2.55007e-2,0.9769487
7,10000,4.14463e-2,1.0723578
7,10000,5.69868e-2,1.125022
7,10000,4.17979e-2,1.1138517
7,10000,4.01174e-2,1.0261926
7,10000,3.8977e-2,0.9807905
7,10000,3.84154e-2,1.0174486
7,10000,4.06926e-2,0.949857
7,10000,5.02935e-2,0.9669086
8,10000,2.57534e-2,0.9767618
8,10000,3.54406e-2,0.9236286
8,10000,2.46329e-2,0.9516146
8,10000,2.44839e-2,0.8812665
8,10000,2.62559e-2,0.9021389
8,10000,2.66987e-2,0.9368926
8,10000,5.08353e-2,0.9184871
8,10000,2.48332e-2,1.0274513
8,10000,2.59932e-2,0.9583813
8,10000,2.3811e-2,0.8706799
9,10000,3.25858e-2,1.0429284
9,10000,2.95788e-2,0.9786109
9,10000,2.97899e-2,0.8898607
9,10000,6.84516e-2,0.9375892
9,10000,4.18694e-2,1.18729
9,10000,2.59038e-2,0.9410921
9,10000,2.63244e-2,1.0179397
9,10000,2.348e-2,1.0258291
9,10000,3.86339e-2,1.1812053
9,10000,2.47466e-2,1.0589172
10,10000,2.51283e-2,0.8920757
10,10000,2.61226e-2,0.9916576
10,10000,4.55508e-2,1.0711845
10,10000,4.53978e-2,0.9334959
10,10000,3.39178e-2,0.9685869
10,10000,3.92619e-2,1.0897767
10,10000,3.95153e-2,1.0457955
10,10000,3.57445e-2,0.9935294
10,10000,4.44517e-2,0.9605214
10,10000,3.66338e-2,1.0891498
11,10000,2.69369e-2,1.0733323
11,10000,4.48259e-2,1.1002912
11,10000,2.61899e-2,0.9463814
11,10000,2.7077e-2,1.0750644
11,10000,2.51452e-2,1.0929926
11,10000,2.54317e-2,1.0282033
11,10000,2.74893e-2,1.0441016
11,10000,5.67852e-2,0.9254221
11,10000,3.49312e-2,1.2027801
11,10000,2.72288e-2,1.0677029
12,10000,3.29863e-2,0.8469404
12,10000,2.4544e-2,0.9759989
12,10000,2.33276e-2,0.9196987
12,10000,2.39316e-2,1.0458356
12,10000,3.7089e-2,0.9424447
12,10000,3.61323e-2,0.9129838
12,10000,3.72969e-2,0.9852621
12,10000,2.67122e-2,0.9597875
12,10000,2.43401e-2,0.9289157
12,10000,2.46672e-2,0.9692133
13,10000,2.67583e-2,1.0151914
13,10000,2.44849e-2,0.885651
13,10000,2.53831e-2,0.9950974
13,10000,4.90478e-2,1.0531478
13,10000,2.4486e-2,0.9276067
13,10000,2.49992e-2,0.9775934
13,10000,2.54736e-2,0.9014352
13,10000,5.42514e-2,0.9930966
13,10000,2.67924e-2,0.9768624
13,10000,3.37547e-2,1.0016965
14,10000,2.61259e-2,0.9399283
14,10000,4.08508e-2,1.1787045
14,10000,2.61936e-2,1.063446
14,10000,2.67015e-2,1.0890602
14,10000,5.23837e-2,1.0129679
14,10000,4.61267e-2,0.9055068
14,10000,5.95276e-2,1.2053931
14,10000,2.83108e-2,1.1458371
14,10000,3.77478e-2,1.1684873
14,10000,2.43263e-2,0.9404553
15,10000,2.61285e-2,1.0634872
15,10000,2.71706e-2,0.9849997
15,10000,4.13742e-2,1.1150259
15,10000,2.50771e-2,1.0032393
15,10000,2.62803e-2,1.1063699
15,10000,2.7434e-2,1.0484183
15,10000,2.5516e-2,0.9903696
15,10000,4.17752e-2,1.1510892
15,10000,2.64649e-2,1.0257222
15,10000,5.44153e-2,1.058684
16,10000,3.16989e-2,1.0306111
16,10000,3.86231e-2,1.0791464
16,10000,3.75105e-2,0.9741819
16,10000,3.87383e-2,0.9792559
16,10000,5.76865e-2,1.0362224
16,10000,3.64108e-2,0.9129886
16,10000,3.55352e-2,0.9706638
16,10000,6.57796e-2,1.0154484
16,10000,6.31192e-2,0.9412002
16,10000,3.42593e-2,0.9624011
17,10000,3.43975e-2,1.0900326
17,10000,4.13491e-2,0.9588904
17,10000,3.56212e-2,1.1714511
17,10000,5.755e-2,1.1991507
17,10000,2.57656e-2,1.0251725
17,10000,6.62716e-2,0.9778449
17,10000,5.99527e-2,1.1096594
17,10000,2.72188e-2,1.1810498
17,10000,2.64357e-2,1.0032559
17,10000,5.93671e-2,1.171367
18,10000,6.75439e-2,0.9724098
18,10000,3.81232e-2,0.9844768
18,10000,2.94604e-2,1.0260885
18,10000,4.37099e-2,0.9770008
18,10000,6.97624e-2,1.0871323
18,10000,2.44563e-2,0.8210636
18,10000,2.65432e-2,0.9351801
18,10000,2.46991e-2,0.8275366
18,10000,2.53537e-2,1.0114769
18,10000,4.92309e-2,0.9649097
19,10000,4.29356e-2,1.0122202
19,10000,5.48745e-2,1.1776048
19,10000,5.30304e-2,1.0761334
19,10000,2.89137e-2,1.0517797
19,10000,2.78461e-2,1.045331
19,10000,2.68583e-2,0.9924634
19,10000,3.46396e-2,0.9706972
19,10000,2.69226e-2,0.9756635
19,10000,2.66634e-2,1.1969582
19,10000,2.79006e-2,1.0289321
20,10000,2.36679e-2,0.8494368
20,10000,5.16578e-2,0.9280063
20,10000,2.38355e-2,1.0286637
20,10000,3.43857e-2,1.006366
20,10000,3.2081e-2,0.9573092
20,10000,3.25649e-2,1.0646971
20,10000,2.42277e-2,0.8559989
20,10000,3.25222e-2,0.9170413
20,10000,2.52139e-2,0.858244
20,10000,5.20582e-2,1.0374729
21,10000,2.52948e-2,0.9464717
21,10000,2.55188e-2,0.828453
21,10000,3.48247e-2,1.1316739
21,10000,2.43664e-2,0.9789959
21,10000,2.69631e-2,0.936128
21,10000,2.49968e-2,0.9072071
21,10000,4.58931e-2,0.9613044
21,10000,3.83905e-2,0.9715022
21,10000,3.5955e-2,0.9827019
21,10000,3.74926e-2,1.0967402
22,10000,2.77139e-2,0.9470464
22,10000,4.40541e-2,0.9194367
22,10000,2.48853e-2,1.0223336
22,10000,2.45676e-2,0.9232844
22,10000,2.43369e-2,0.9002755
22,10000,3.73072e-2,0.8918152
22,10000,2.42283e-2,0.9585424
22,10000,2.53758e-2,0.9704786
22,10000,2.47414e-2,1.0128639
22,10000,2.66303e-2,0.9942896
23,10000,4.06412e-2,1.1019808
23,10000,2.42888e-2,1.0047876
23,10000,5.76643e-2,1.0005446
23,10000,2.55272e-2,1.0716452
23,10000,2.81153e-2,1.1035195
23,10000,2.5118e-2,1.0299986
23,10000,2.61503e-2,1.022564
23,10000,2.65949e-2,1.2124922
23,10000,5.9024e-2,1.0363122
23,10000,2.84693e-2,1.1250969
24,10000,4.76857e-2,1.0952424
24,10000,2.44219e-2,0.967104
24,10000,2.76144e-2,1.5031274
24,10000,3.24491e-2,0.9272139
24,10000,2.77391e-2,1.1007958
24,10000,4.67378e-2,0.9616011
24,10000,4.01466e-2,1.2655384
24,10000,3.08199e-2,0.9864083
24,10000,4.0877e-2,1.1374502
24,10000,2.50182e-2,1.0016634
25,10000,3.81571e-2,1.0267909
25,10000,2.37436e-2,1.0805526
25,10000,2.51364e-2,0.7207681
25,10000,5.08651e-2,0.965957
25,10000,3.93422e-2,1.0182484
25,10000,2.22297e-2,0.9416768
25,10000,2.60944e-2,0.9852344
25,10000,6.2426e-2,0.9230955
25,10000,2.44819e-2,1.1141394
25,10000,2.64752e-2,0.7974209
26,10000,4.09459e-2,0.961596
26,10000,3.41744e-2,1.0330112
26,10000,2.88311e-2,1.0400276
26,10000,5.54989e-2,1.0236284
26,10000,4.14391e-2,1.0245633
26,10000,2.72699e-2,0.9568732
26,10000,5.53235e-2,1.1714446
26,10000,3.78051e-2,1.1110546
26,10000,2.61835e-2,1.1040111
26,10000,4.63353e-2,1.0179442
27,10000,5.07119e-2,0.9077023
27,10000,2.54526e-2,0.9362278
27,10000,5.8252e-2,0.9692019
27,10000,4.45943e-2,0.9834745
27,10000,3.62941e-2,0.9847982
27,10000,3.64994e-2,0.9595146
27,10000,3.88229e-2,1.0028786
27,10000,3.87111e-2,0.906842
27,10000,3.52682e-2,0.9744686
27,10000,3.85276e-2,1.0199036
28,10000,3.76567e-2,1.0548957
28,10000,4.71262e-2,1.0202654
28,10000,3.59469e-2,1.0080312
28,10000,2.56111e-2,0.9914143
28,10000,3.02475e-2,0.8827165
28,10000,4.07944e-2,0.9743596
28,10000,6.35363e-2,1.0316887
28,10000,5.75049e-2,0.990773
28,10000,6.4254e-2,0.9927024
28,10000,2.51489e-2,1.0798363
29,10000,2.48674e-2,1.1754987
29,10000,2.50781e-2,1.2712116
29,10000,6.13465e-2,1.0289256
29,10000,5.33059e-2,1.1021951
29,10000,2.78307e-2,1.2274325
29,10000,3.6949e-2,1.028878
29,10000,2.54249e-2,0.9223397
29,10000,2.73142e-2,1.0983686
29,10000,2.59133e-2,1.025172
29,10000,2.63065e-2,0.8902422
0,13000,5.05775e-2,1.4720362
0,13000,3.3981e-2,1.222735
0,13000,3.41269e-2,1.292807
0,13000,3.412e-2,1.3128416
0,13000,3.39123e-2,1.3228977
0,13000,3.81965e-2,1.5670365
0,13000,4.23012e-2,1.5219591
0,13000,3.54996e-2,1.3723795
0,13000,6.05202e-2,1.2998397
0,13000,3.40787e-2,1.4682587
1,13000,3.31141e-2,1.2684668
1,13000,7.41621e-2,1.3994212
1,13000,3.19114e-2,1.2612324
1,13000,6.40908e-2,1.277835
1,13000,8.97158e-2,1.2564263
1,13000,4.47281e-2,1.2381174
1,13000,3.50432e-2,1.2174842
1,13000,6.39346e-2,1.3341436
1,13000,5.91027e-2,1.4238771
1,13000,3.58628e-2,1.3639017
2,13000,4.12751e-2,1.3181109
2,13000,4.194e-2,1.3396718
2,13000,3.43691e-2,1.2226852
2,13000,3.38438e-2,1.2259686
2,13000,4.87238e-2,1.51474
2,13000,5.46264e-2,1.3137853
2,13000,3.33806e-2,1.3302464
2,13000,3.4872e-2,1.4424665
2,13000,3.75597e-2,1.3569134
2,13000,3.99205e-2,1.1544262
3,13000,4.38801e-2,1.2982548
3,13000,4.24716e-2,1.1743514
3,13000,5.98109e-2,1.2514853
3,13000,4.82302e-2,1.3428098
3,13000,3.70499e-2,1.3144023
3,13000,3.39415e-2,1.2798518
3,13000,6.01279e-2,1.2500477
3,13000,6.30902e-2,1.1759795
3,13000,3.5054e-2,1.2509443
3,13000,3.34632e-2,1.1942137
4,13000,3.6815e-2,1.3723805
4,13000,3.38195e-2,1.5716418
4,13000,5.28687e-2,1.3171996
4,13000,4.08482e-2,1.4840578
4,13000,6.23365e-2,1.3267506
4,13000,4.01425e-2,1.3934171
4,13000,3.42432e-2,1.2863132
4,13000,3.45928e-2,1.3403943
4,13000,4.99249e-2,1.26785
4,13000,3.22595e-2,1.6124974
5,13000,6.91605e-2,1.4149419
5,13000,4.0682e-2,1.3325371
5,13000,4.26802e-2,1.2991124
5,13000,4.36319e-2,1.5405318
5,13000,3.49754e-2,1.3304103
5,13000,3.71763e-2,1.3122179
5,13000,3.51664e-2,1.34437
5,13000,6.63795e-2,1.5153765
5,13000,3.58764e-2,1.2479471
5,13000,3.67722e-2,1.2944073
6,13000,6.51556e-2,1.400915
6,13000,5.06347e-2,1.2733251
6,13000,5.49125e-2,1.2731431
6,13000,5.6006e-2,1.483845
6,13000,3.4182e-2,1.5063547
6,13000,3.697e-2,1.3831624
6,13000,3.39375e-2,1.3215209
6,13000,3.53644e-2,1.3195477
6,13000,3.58715e-2,1.2561591
6,13000,4.62913e-2,1.3160859
7,13000,7.92621e-2,1.446597
7,13000,5.9132e-2,1.4362626
7,13000,5.31503e-2,1.392957
7,13000,4.55869e-2,1.4744054
7,13000,6.65147e-2,1.416578
7,13000,3.28651e-2,1.4004497
7,13000,3.15289e-2,1.3519981
7,13000,4.7922e-2,1.4243435
7,13000,6.42968e-2,1.4929632
7,13000,3.42727e-2,1.309412
8,13000,3.92424e-2,1.5162594
8,13000,2.88413e-2,1.2752311
8,13000,4.8709e-2,1.2931173
8,13000,3.44839e-2,1.2067092
8,13000,5.58971e-2,1.3877816
8,13000,4.21303e-2,1.3464467
8,13000,3.32211e-2,1.3271022
8,13000,6.13309e-2,1.423211
8,13000,3.29774e-2,1.2521917
8,13000,3.43661e-2,1.2903351
9,13000,3.60141e-2,1.4270895
9,13000,3.6452e-2,1.3553877
9,13000,5.82395e-2,1.5095179
9,13000,3.95815e-2,1.5523883
9,13000,3.57241e-2,1.3889464
9,13000,6.6557e-2,1.460588
9,13000,3.66983e-2,1.3383653
9,13000,6.0138e-2,1.4487607
9,13000,3.4993e-2,1.3480972
9,13000,3.63769e-2,1.5456083
10,13000,3.75959e-2,1.3755001
10,13000,3.89535e-2,1.3778267
10,13000,4.85174e-2,1.5792593
10,13000,3.55022e-2,1.3373849
10,13000,4.57203e-2,1.3882241
10,13000,6.49905e-2,1.4648274
10,13000,5.40579e-2,1.2972479
10,13000,6.00336e-2,1.2637148
10,13000,5.044e-2,1.3874987
10,13000,3.18203e-2,1.3173194
11,13000,3.73244e-2,1.3769052
11,13000,6.98756e-2,1.518023
11,13000,3.25824e-2,1.2990491
11,13000,3.41584e-2,1.3139058
11,13000,5.39453e-2,1.2307286
11,13000,5.16978e-2,1.4558257
11,13000,4.44845e-2,1.2837109
11,13000,3.53623e-2,1.2902539
11,13000,6.46757e-2,1.3753141
11,13000,3.61388e-2,1.3929229
12,13000,4.4896e-2,1.4715384
12,13000,3.37623e-2,1.2944877
12,13000,3.34892e-2,1.4176417
12,13000,6.44352e-2,1.3464796
12,13000,5.77272e-2,1.3923302
12,13000,4.16173e-2,1.3358247
12,13000,4.60588e-2,1.3386675
12,13000,3.67195e-2,1.3245264
12,13000,6.19264e-2,1.3408222
12,13000,3.25168e-2,1.3276084
13,13000,5.37394e-2,1.1685784
13,13000,6.44937e-2,1.2733474
13,13000,6.43522e-2,1.3498719
13,13000,3.43531e-2,1.3027639
13,13000,3.64187e-2,1.1928247
13,13000,3.3313e-2,1.237483
13,13000,5.02225e-2,1.1874305
13,13000,6.33905e-2,1.4881499
13,13000,3.01014e-2,1.2643872
13,13000,3.32963e-2,1.2268588
14,13000,3.72214e-2,1.3190723
14,13000,3.47139e-2,1.5557451
14,13000,3.53805e-2,1.3055539
14,13000,5.43367e-2,1.5164996
14,13000,3.52318e-2,1.3051443
14,13000,5.33113e-2,1.5023966
14,13000,3.3248e-2,1.2495103
14,13000,7.88343e-2,1.5886006
14,13000,5.75719e-2,1.2949031
14,13000,5.47356e-2,1.5348747
15,13000,3.70288e-2,1.5216599
15,13000,5.27868e-2,1.3195744
15,13000,3.73737e-2,1.5116661
15,13000,4.56845e-2,1.4553936
15,13000,4.49784e-2,1.4577786
15,13000,5.53436e-2,1.4669848
15,13000,5.80185e-2,1.6104983
15,13000,3.42643e-2,1.4046125
15,13000,5.81612e-2,1.5671164
15,13000,6.15271e-2,1.5580891
16,13000,3.65478e-2,1.3785944
16,13000,4.56476e-2,1.6790851
16,13000,3.72048e-2,1.3692599
16,13000,3.56156e-2,1.3919432
16,13000,3.57354e-2,1.5734013
16,13000,3.26512e-2,1.4575701
16,13000,5.22361e-2,1.4180501
16,13000,6.41719e-2,1.3756046
16,13000,6.13736e-2,1.5046269
16,13000,5.58463e-2,1.4209836
17,13000,5.14571e-2,1.259644
17,13000,4.77332e-2,1.4132348
17,13000,3.70557e-2,1.5724863
17,13000,6.48869e-2,1.413332
17,13000,4.83395e-2,1.3149133
17,13000,3.71053e-2,1.4772062
17,13000,5.26741e-2,1.3970969
17,13000,5.79628e-2,1.533468
17,13000,6.26404e-2,1.4597653
17,13000,3.17878e-2,1.3958494
18,13000,3.03138e-2,1.2868603
18,13000,3.37871e-2,1.2052757
18,13000,4.44719e-2,1.3023512
18,13000,4.88377e-2,1.4843017
18,13000,3.48809e-2,1.1787451
18,13000,4.05461e-2,1.1780163
18,13000,3.4425e-2,1.3599366
18,13000,3.37256e-2,1.3981547
18,13000,3.51097e-2,1.2741816
18,13000,3.27345e-2,1.3345125
19,13000,5.8954e-2,1.5429401
19,13000,3.62169e-2,1.3854725
19,13000,5.65043e-2,1.362837
19,13000,3.75327e-2,1.371339
19,13000,5.27679e-2,1.3379094
19,13000,5.49537e-2,1.4680425
19,13000,3.1765e-2,1.3738482
19,13000,5.64995e-2,1.4869945
19,13000,3.46969e-2,1.4041821
19,13000,4.45139e-2,1.3635069
20,13000,3.01812e-2,1.2019818
20,13000,6.68117e-2,1.3595247
20,13000,3.64463e-2,1.2633527
20,13000,3.38895e-2,1.3839308
20,13000,3.35804e-2,1.2657813
20,13000,3.43309e-2,1.2050167
20,13000,7.24317e-2,1.452518
20,13000,3.48028e-2,1.2168294
20,13000,3.75635e-2,1.434411
20,13000,3.35711e-2,1.3540227
21,13000,6.08508e-2,1.3260861
21,13000,7.79166e-2,1.4786076
21,13000,4.75473e-2,1.331671
21,13000,3.28942e-2,1.0453052
21,13000,2.67097e-2,1.2123675
21,13000,2.91646e-2,0.9373308
21,13000,2.68353e-2,0.9966342
21,13000,2.61931e-2,0.9661662
21,13000,2.74908e-2,1.3712454
21,13000,3.40586e-2,1.247278
22,13000,6.22332e-2,1.2553959
22,13000,4.91799e-2,1.4503491
22,13000,3.55793e-2,1.1281253
22,13000,3.43242e-2,1.5956533
22,13000,7.26767e-2,1.4844728
22,13000,5.499e-2,1.2463511
22,13000,3.45992e-2,1.2216064
22,13000,3.4565e-2,1.4241725
22,13000,3.45332e-2,1.2546332
22,13000,4.4661e-2,1.2639801
23,13000,3.55157e-2,1.4629626
23,13000,3.19621e-2,1.4017296
23,13000,3.42257e-2,1.4654383
23,13000,3.78578e-2,1.396595
23,13000,4.66937e-2,1.4949819
23,13000,3.48986e-2,1.4381697
23,13000,3.55533e-2,1.4598701
23,13000,5.97881e-2,1.4549516
23,13000,3.75383e-2,1.3537682
23,13000,4.36965e-2,1.4582527
24,13000,4.78913e-2,1.4373734
24,13000,3.16358e-2,1.4359131
24,13000,3.47426e-2,1.2390484
24,13000,5.30392e-2,1.5329515
24,13000,4.26603e-2,1.3248045
24,13000,6.07149e-2,1.3786914
24,13000,3.72141e-2,1.4621876
24,13000,3.2837e-2,1.3867373
24,13000,3.3369e-2,1.3854925
24,13000,5.39852e-2,1.4835886
25,13000,3.20718e-2,1.4499792
25,13000,5.4582e-2,1.2218928
25,13000,6.31478e-2,1.2894304
25,13000,7.59887e-2,1.3366601
25,13000,3.44911e-2,1.4456921
25,13000,6.36949e-2,1.3392224
25,13000,3.57111e-2,1.3702225
25,13000,3.52788e-2,1.4858214
25,13000,6.23095e-2,1.3896893
25,13000,3.6398e-2,1.4101942
26,13000,6.56469e-2,1.3370707
26,13000,6.3336e-2,1.3838926
26,13000,3.61761e-2,1.4010267
26,13000,3.66548e-2,1.3393799
26,13000,3.42113e-2,1.2174907
26,13000,4.78573e-2,1.5660542
26,13000,5.26676e-2,1.3615137
26,13000,7.73533e-2,1.4114969
26,13000,3.87783e-2,1.2189069
26,13000,4.92902e-2,1.528669
27,13000,6.02627e-2,1.1735925
27,13000,8.66898e-2,1.4639837
27,13000,5.717e-2,1.3730999
27,13000,5.40333e-2,1.608359
27,13000,5.67466e-2,1.4099893
27,13000,7.19269e-2,1.5204318
27,13000,3.3632e-2,1.3290251
27,13000,5.3014e-2,1.5185115
27,13000,4.82084e-2,1.2635501
27,13000,3.42454e-2,1.4450678
28,13000,3.35592e-2,1.2631907
28,13000,3.64435e-2,1.5798726
28,13000,6.16197e-2,1.2278552
28,13000,9.03176e-2,1.4153873
28,13000,3.34116e-2,1.3352533
28,13000,3.44165e-2,1.2546143
28,13000,6.47223e-2,1.5277503
28,13000,3.69399e-2,1.3288709
28,13000,6.13161e-2,1.4921408
28,13000,4.54032e-2,1.2342797
29,13000,3.98332e-2,1.4214269
29,13000,7.7394e-2,1.5123869
29,13000,3.5203e-2,1.3769757
29,13000,3.43482e-2,1.3730679
29,13000,4.78374e-2,1.4866824
29,13000,3.49787e-2,1.2285228
29,13000,4.66338e-2,1.5387192
29,13000,3.43551e-2,1.4672756
29,13000,6.33627e-2,1.2650658
29,13000,5.84599e-2,1.4223393
0,16900,5.42241e-2,1.9359397
0,16900,4.55457e-2,1.6054774
0,16900,7.03009e-2,2.0622714
0,16900,4.77299e-2,1.8682628
0,16900,6.08277e-2,1.601145
0,16900,6.6279e-2,1.9248572
0,16900,6.6899e-2,1.9288463
0,16900,5.21032e-2,1.5974541
0,16900,6.60544e-2,1.993932
0,16900,7.34631e-2,1.8528048
1,16900,8.37373e-2,2.0002717
1,16900,7.16439e-2,1.7890319
1,16900,4.60332e-2,1.8004747
1,16900,7.85716e-2,1.8737874
1,16900,7.5493e-2,1.7515199
1,16900,7.66589e-2,1.7454246
1,16900,5.74322e-2,1.9133293
1,16900,4.70583e-2,1.8571403
1,16900,7.12296e-2,1.7984939
1,16900,4.54901e-2,1.829235
2,16900,4.47314e-2,1.5428156
2,16900,9.51688e-2,1.7986297
2,16900,4.55884e-2,1.7119561
2,16900,9.57224e-2,1.8674968
2,16900,4.61805e-2,1.9579924
2,16900,4.34791e-2,1.7543483
2,16900,4.80386e-2,1.7570919
2,16900,7.16459e-2,1.9057711
2,16900,6.02887e-2,1.7146802
2,16900,6.95778e-2,1.8617263
3,16900,7.82724e-2,1.8012559
3,16900,7.6213e-2,1.8424656
3,16900,6.67954e-2,1.8449043
3,16900,7.83583e-2,1.9471576
3,16900,5.33876e-2,1.8433863
3,16900,4.73876e-2,1.7204679
3,16900,7.47219e-2,1.9713461
3,16900,5.50946e-2,1.8609204
3,16900,0.1072386,2.1628646
3,16900,4.6694e-2,1.7967913
4,16900,5.89778e-2,1.6190093
4,16900,6.66409e-2,2.0842078
4,16900,7.64886e-2,1.7177622
4,16900,6.73337e-2,1.8686523
4,16900,7.03021e-2,2.025954
4,16900,6.43448e-2,2.1357926
4,16900,5.8994e-2,1.8476862
4,16900,7.31177e-2,1.6435372
4,16900,4.89806e-2,1.9160475
4,16900,4.69563e-2,1.8573486
5,16900,6.56711e-2,1.9146812
5,16900,6.83846e-2,1.9227964
5,16900,8.23096e-2,1.9466123
5,16900,6.566e-2,1.8839121
5,16900,7.04475e-2,1.8580961
5,16900,7.08988e-2,1.7782121
5,16900,9.44064e-2,1.997529
5,16900,7.81247e-2,1.9017048
5,16900,0.1022765,1.8624562
5,16900,9.72327e-2,1.9719637
6,16900,9.11113e-2,1.8837528
6,16900,4.74226e-2,1.837959
6,16900,4.66851e-2,1.8589023
6,16900,0.1174931,1.7804353
6,16900,8.1619e-2,1.8219911
6,16900,0.1017145,1.7913141
6,16900,6.59927e-2,1.7678685
6,16900,9.50592e-2,1.7171226
6,16900,6.95981e-2,1.7985872
6,16900,0.1071829,1.8386412
7,16900,8.11234e-2,2.0191323
7,16900,9.74711e-2,1.9977374
7,16900,4.27432e-2,1.7228932
7,16900,6.33153e-2,1.8431582
7,16900,6.19302e-2,1.8468633
7,16900,8.96715e-2,1.8158762
7,16900,4.74584e-2,1.7901786
7,16900,0.118356,1.7898749
7,16900,4.63366e-2,1.7934254
7,16900,6.7459e-2,1.8699836
8,16900,4.60054e-2,1.629998
8,16900,9.83388e-2,1.908767
8,16900,4.63753e-2,1.6190351
8,16900,6.89305e-2,1.966661
8,16900,5.099e-2,1.8704439
8,16900,9.20586e-2,2.004364
8,16900,7.35299e-2,1.6593772
8,16900,8.83528e-2,1.9395608
8,16900,4.74251e-2,1.7712861
8,16900,0.1081592,1.8620631
9,16900,7.1273e-2,1.7162514
9,16900,0.1175615,1.843118
9,16900,7.11729e-2,1.8059446
9,16900,9.42422e-2,1.8301955
9,16900,6.62251e-2,1.8452251
9,16900,6.82278e-2,1.8441979
9,16900,6.6334e-2,1.8006353
9,16900,6.57225e-2,1.913364
9,16900,7.09546e-2,1.8101615
9,16900,9.29563e-2,1.9301157
10,16900,7.06877e-2,1.9624757
10,16900,7.16178e-2,1.743138
10,16900,4.17901e-2,1.7590328
10,16900,4.39798e-2,1.88116
10,16900,6.95858e-2,1.6344189
10,16900,8.72063e-2,2.0287426
10,16900,7.43511e-2,1.6975507
10,16900,6.57681e-2,1.9381243
10,16900,4.65459e-2,1.7625766
10,16900,6.98689e-2,1.8474604
11,16900,5.89393e-2,1.9565161
11,16900,5.06534e-2,1.7725871
11,16900,5.22859e-2,1.6470774
11,16900,6.67972e-2,1.8998727
11,16900,7.25451e-2,2.0105392
11,16900,4.76324e-2,1.722267
11,16900,7.20536e-2,1.8751125
11,16900,7.39831e-2,1.9102528
11,16900,4.34627e-2,1.9209163
11,16900,5.0928e-2,1.6991308
12,16900,4.50602e-2,1.8018158
12,16900,5.41317e-2,1.7648328
12,16900,6.83875e-2,1.8368825
12,16900,5.96717e-2,1.8434369
12,16900,4.59559e-2,2.0171811
12,16900,6.68618e-2,1.9212474
12,16900,4.61301e-2,1.5291071
12,16900,6.44221e-2,1.8261643
12,16900,4.53512e-2,1.7994804
12,16900,4.2611e-2,1.9487501
13,16900,5.76272e-2,1.8023055
13,16900,5.08496e-2,1.652314
13,16900,6.74561e-2,1.9064992
13,16900,4.69316e-2,1.6443326
13,16900,6.04594e-2,1.9356192
13,16900,6.76279e-2,1.9897092
13,16900,5.79394e-2,2.0227352
13,16900,5.48564e-2,1.5876621
13,16900,7.7754e-2,1.9761531
13,16900,5.11119e-2,1.6494778
14,16900,7.8155e-2,1.7839931
14,16900,4.58266e-2,1.8849695
14,16900,4.61931e-2,1.6090727
14,16900,6.94609e-2,1.8773366
14,16900,4.51054e-2,1.9560786
14,16900,7.16999e-2,1.7688326
14,16900,6.60578e-2,1.70359
14,16900,4.47254e-2,1.9261362
14,16900,4.52051e-2,1.9663313
14,16900,8.02748e-2,1.6535169
15,16900,4.73075e-2,2.0374937
15,16900,5.26139e-2,1.7439811
15,16900,4.6054e-2,1.915587
15,16900,7.7692e-2,1.8563297
15,16900,7.15741e-2,1.9217892
15,16900,9.51405e-2,1.8316436
15,16900,8.80322e-2,1.8261373
15,16900,0.1010154,1.9264462
15,16900,9.48043e-2,1.9554194
15,16900,9.66988e-2,1.903037
16,16900,6.84689e-2,2.0327855
16,16900,6.78961e-2,1.8800932
16,16900,6.71109e-2,1.8106899
16,16900,9.05747e-2,1.9675403
16,16900,8.09764e-2,1.8723017
16,16900,7.51114e-2,1.9295629
16,16900,7.02289e-2,2.1516678
16,16900,0.140405,1.9273016
16,16900,6.80101e-2,1.9604969
16,16900,0.1047242,1.8555455
17,16900,6.9391e-2,1.9024992
17,16900,4.9421e-2,1.7997527
17,16900,4.95718e-2,1.9086378
17,16900,5.67724e-2,1.9778174
17,16900,6.99198e-2,1.8785263
17,16900,5.99692e-2,1.8532676
17,16900,5.66912e-2,1.891981
17,16900,4.64556e-2,1.9028777
17,16900,4.56987e-2,1.9286563
17,16900,4.87905e-2,1.9099026
18,16900,4.33963e-2,1.8501508
18,16900,3.99386e-2,1.7947273
18,16900,4.66961e-2,1.8677451
18,16900,7.93947e-2,1.8311592
18,16900,5.03781e-2,1.743837
18,16900,6.96563e-2,1.8260877
18,16900,4.57971e-2,1.8850213
18,16900,4.91534e-2,1.7714153
18,16900,4.56517e-2,1.8458942
18,16900,4.58275e-2,1.7578144
19,16900,6.43189e-2,1.6836915
19,16900,4.50201e-2,2.004032
19,16900,4.64751e-2,1.8582074
19,16900,4.65108e-2,1.8148245
19,16900,4.50725e-2,1.7527459
19,16900,0.1040665,1.8502214
19,16900,7.7305e-2,1.9198433
19,16900,7.90782e-2,1.8700492
19,16900,6.92127e-2,2.0223952
19,16900,5.99761e-2,1.6960432
20,16900,7.19604e-2,1.9764901
20,16900,7.5506e-2,2.2093953
20,16900,7.11653e-2,1.7762296
20,16900,4.806e-2,1.7143025
20,16900,8.74e-2,2.0988354
20,16900,5.17964e-2,1.8519359
20,16900,8.54576e-2,2.1750249
20,16900,5.1706e-2,1.8034897
20,16900,7.50156e-2,2.09807
20,16900,4.81547e-2,1.8501803
21,16900,7.82396e-2,1.7530779
21,16900,8.64263e-2,1.9465009
21,16900,9.69158e-2,1.9134342
21,16900,9.33246e-2,1.9841391
21,16900,5.01393e-2,1.7134982
21,16900,6.25027e-2,2.0098065
21,16900,4.98677e-2,1.7296397
21,16900,9.05055e-2,1.9824086
21,16900,5.62031e-2,1.6529031
21,16900,0.1208724,2.0129493
22,16900,5.39883e-2,2.1403082
22,16900,7.00074e-2,1.7510175
22,16900,7.88808e-2,1.916978
22,16900,5.05575e-2,1.7738089
22,16900,9.80823e-2,2.1409198
22,16900,6.01215e-2,1.8785401
22,16900,6.95199e-2,2.1114094
22,16900,4.74294e-2,1.8048021
22,16900,8.61908e-2,2.1279791
22,16900,6.67096e-2,1.8970517
23,16900,7.12167e-2,2.0654933
23,16900,4.89114e-2,1.8428023
23,16900,8.26753e-2,1.8987592
23,16900,8.98617e-2,1.9221866
23,16900,7.43453e-2,2.0020928
23,16900,7.79673e-2,1.8898676
23,16900,0.1566821,1.8830718
23,16900,7.15917e-2,1.9110737
23,16900,8.80151e-2,1.9249322
23,16900,6.98462e-2,1.9330061
24,16900,7.1871e-2,1.881601
24,16900,4.57276e-2,1.8042599
24,16900,6.75954e-2,1.9664545
24,16900,7.13942e-2,1.9437722
24,16900,4.99357e-2,1.9404292
24,16900,4.33735e-2,1.7984727
24,16900,4.40075e-2,1.8054399
24,16900,5.18659e-2,1.7080084
24,16900,5.71519e-2,1.8725246
24,16900,4.5751e-2,1.9878705
25,16900,6.85903e-2,1.8307369
25,16900,7.88967e-2,1.7800035
25,16900,5.01887e-2,1.8054945
25,16900,4.81533e-2,1.7490543
25,16900,4.30991e-2,1.9314709
25,16900,7.91733e-2,1.6835813
25,16900,6.24924e-2,1.8819793
25,16900,4.21929e-2,1.9491385
25,16900,4.98192e-2,2.014819
25,16900,5.72073e-2,1.8636995
26,16900,5.12388e-2,2.4053384
26,16900,4.70055e-2,1.8702876
26,16900,4.35805e-2,1.7974392
26,16900,9.0072e-2,1.5642647
26,16900,5.11794e-2,1.8495062
26,16900,6.88689e-2,1.9416326
26,16900,4.63456e-2,1.9291338
26,16900,4.61871e-2,1.9860135
26,16900,6.40408e-2,1.8499453
26,16900,4.93138e-2,1.8881554
27,16900,6.40042e-2,1.7493206
27,16900,4.67233e-2,1.883278
27,16900,4.68808e-2,1.8549162
27,16900,7.67221e-2,1.9207455
27,16900,7.49713e-2,1.6661851
27,16900,5.09602e-2,1.9276449
27,16900,7.61141e-2,1.9194958
27,16900,5.03375e-2,1.593771
27,16900,4.91588e-2,1.946836
27,16900,4.63222e-2,1.8725722
28,16900,8.76804e-2,1.8639839
28,16900,7.71828e-2,1.9653726
28,16900,9.64194e-2,1.9664621
28,16900,8.67968e-2,1.8015967
28,16900,6.53138e-2,1.9856632
28,16900,5.98139e-2,2.0061281
28,16900,8.61527e-2,1.8691096
28,16900,4.4818e-2,2.0515131
28,16900,5.04044e-2,2.0082144
28,16900,4.77375e-2,1.8434144
29,16900,4.70453e-2,1.795833
29,16900,4.58163e-2,2.171827
29,16900,6.59152e-2,1.851365
29,16900,4.94407e-2,1.981806
29,16900,7.45521e-2,1.5565562
29,16900,6.65024e-2,1.8818283
29,16900,7.17857e-2,1.9536793
29,16900,7.28522e-2,1.8715727
29,16900,5.16392e-2,1.7633097
29,16900,4.57195e-2,1.8127009
0,21970,8.42801e-2,2.341253
0,21970,0.1142233,2.6391071
0,21970,6.8003e-2,2.2434015
0,21970,0.1419347,2.4340502
0,21970,0.108888,2.4776552
0,21970,0.1310043,2.502758
0,21970,0.1289949,2.3669851
0,21970,0.1180828,2.3393524
0,21970,0.1306844,2.3871696
0,21970,9.87407e-2,2.35106
1,21970,0.1043087,2.9022362
1,21970,6.99335e-2,2.5399049
1,21970,6.53778e-2,2.6014894
1,21970,6.10115e-2,2.4070489
1,21970,6.7162e-2,2.6022428
1,21970,9.10496e-2,2.6452302
1,21970,5.87878e-2,2.4286621
1,21970,9.80834e-2,2.5694745
1,21970,6.57024e-2,2.5318301
1,21970,6.08925e-2,2.6500844
2,21970,6.10055e-2,2.2437516
2,21970,6.10769e-2,2.3841393
2,21970,0.1044424,2.4254189
2,21970,5.80321e-2,2.4234184
2,21970,9.14891e-2,2.7562981
2,21970,8.42376e-2,2.3985533
2,21970,6.25039e-2,2.2746767
2,21970,0.1014942,2.4773433
2,21970,7.04182e-2,2.6566947
2,21970,6.39625e-2,2.3861466
3,21970,0.1050912,2.3743881
3,21970,0.1221939,2.6495936
3,21970,0.1033387,2.6184116
3,21970,0.1203876,2.7212941
3,21970,9.70812e-2,2.6101389
3,21970,9.93342e-2,2.6658893
3,21970,0.1158606,2.6398541
3,21970,0.1231446,2.6893613
3,21970,0.166767,2.671856
3,21970,9.32516e-2,2.4727981
4,21970,9.31828e-2,2.8474439
4,21970,7.5343e-2,2.5001568
4,21970,6.45159e-2,2.5531935
4,21970,6.62116e-2,2.4340466
4,21970,8.72881e-2,2.7163635
4,21970,8.6474e-2,2.2888881
4,21970,6.51716e-2,2.1887274
4,21970,9.04393e-2,2.6504287
4,21970,6.94336e-2,2.398953
4,21970,0.1063187,2.7437612
5,21970,0.1038747,2.6002933
5,21970,6.43679e-2,2.7484689
5,21970,6.21223e-2,2.4075649
5,21970,6.31507e-2,2.3059891
5,21970,6.41969e-2,2.7106226
5,21970,0.1076677,2.5942683
5,21970,0.1014742,2.580947
5,21970,6.25671e-2,2.3713451
5,21970,8.88677e-2,2.8911851
5,21970,9.00662e-2,2.4923059
6,21970,6.59448e-2,2.5457405
6,21970,0.1136581,2.2738397
6,21970,0.130721,2.4960606
6,21970,6.71495e-2,2.6297173
6,21970,6.9228e-2,2.5539054
6,21970,9.78257e-2,2.6399197
6,21970,8.96105e-2,2.7220553
6,21970,6.83491e-2,2.3768186
6,21970,9.40861e-2,2.6413939
6,21970,6.20024e-2,2.6922445
7,21970,6.05924e-2,2.3296591
7,21970,5.632e-2,2.4831736
7,21970,6.53439e-2,2.5608164
7,21970,6.71803e-2,2.3574677
7,21970,6.22641e-2,2.6844249
7,21970,7.5795e-2,2.2389563
7,21970,6.16298e-2,2.4318692
7,21970,8.87805e-2,2.5456844
7,21970,6.99147e-2,2.4715015
7,21970,0.118459,2.4625218
8,21970,6.3809e-2,2.6617936
8,21970,6.38358e-2,2.3077059
8,21970,0.1198348,2.9413911
8,21970,9.29817e-2,2.4798844
8,21970,6.81206e-2,2.6835038
8,21970,9.59831e-2,2.4804073
8,21970,8.39047e-2,2.5516795
8,21970,6.90554e-2,2.4455685
8,21970,9.54581e-2,2.9725511
8,21970,6.83369e-2,2.5902101
9,21970,8.24288e-2,2.0898549
9,21970,0.1122321,2.3257244
9,21970,6.29493e-2,2.7690952
9,21970,6.44006e-2,2.2719174
9,21970,5.82289e-2,2.5283592
9,21970,6.98103e-2,2.4689171
9,21970,6.36623e-2,2.6007115
9,21970,0.1066107,2.4129694
9,21970,6.5901e-2,2.5009699
9,21970,6.17378e-2,2.4890072
10,21970,5.4049e-2,2.506647
10,21970,9.40283e-2,2.3232118
10,21970,6.3712e-2,2.6963942
10,21970,6.23111e-2,2.2702241
10,21970,0.1212222,2.4437144
10,21970,0.102908,2.3820357
10,21970,9.35972e-2,2.508685
10,21970,0.1200666,2.446244
10,21970,0.1444918,2.5042812
10,21970,0.1157066,2.4981842
11,21970,9.06853e-2,2.6816683
11,21970,6.83905e-2,2.4553036
11,21970,0.1093467,2.3488037
11,21970,6.58548e-2,2.4330417
11,21970,6.58999e-2,2.726658
11,21970,6.0927e-2,2.4621186
11,21970,8.12631e-2,2.5380049
11,21970,8.89621e-2,2.2526736
11,21970,6.06263e-2,2.7331064
11,21970,6.625e-2,2.6446562
12,21970,6.16145e-2,2.5058747
12,21970,7.22103e-2,2.2509759
12,21970,0.1459487,2.808943
12,21970,9.06987e-2,2.3591518
12,21970,0.1293621,2.6664755
12,21970,0.1133203,2.2759205
12,21970,0.112019,2.7649264
12,21970,6.24599e-2,2.3001771
12,21970,0.1190587,2.6518647
12,21970,0.1084556,2.3437356
13,21970,0.1232232,2.6294765
13,21970,9.07783e-2,2.3314145
13,21970,6.20296e-2,2.5804045
13,21970,9.03114e-2,2.6486157
13,21970,7.44107e-2,2.4171546
13,21970,8.86758e-2,2.3686585
13,21970,0.101378,2.6620014
13,21970,6.18739e-2,2.3169403
13,21970,6.65775e-2,2.5613471
13,21970,7.63973e-2,2.7927654
14,21970,6.21033e-2,2.3263699
14,21970,6.69381e-2,2.6471868
14,21970,5.74994e-2,2.5612397
14,21970,7.90844e-2,2.4809374
14,21970,9.07573e-2,2.3554366
14,21970,0.131963,2.4774827
14,21970,9.1785e-2,2.3886873
14,21970,0.1177304,2.4694739
14,21970,0.1207686,2.5035267
14,21970,9.49325e-2,2.2978248
15,21970,0.1133725,2.4664027
15,21970,0.1047814,2.512585
15,21970,0.1446179,2.4536775
15,21970,0.1262607,2.5663541
15,21970,0.1222281,2.3119293
15,21970,0.1115174,2.3902328
15,21970,0.1006725,2.6316576
15,21970,9.27795e-2,2.5289876
15,21970,6.17199e-2,2.712311
15,21970,8.16161e-2,2.7828429
16,21970,7.41536e-2,2.5408594
16,21970,8.6259e-2,2.7922786
16,21970,9.11635e-2,2.8384891
16,21970,6.40377e-2,2.60294
16,21970,6.31935e-2,2.8397575
16,21970,8.20219e-2,2.7378198
16,21970,9.47209e-2,2.5274891
16,21970,0.1130042,2.8066196
16,21970,6.46626e-2,2.3934722
16,21970,7.78028e-2,2.7241681
17,21970,8.91811e-2,2.3473908
17,21970,5.82092e-2,2.4374667
17,21970,0.1192502,2.3590035
17,21970,0.1178634,2.6048687
17,21970,0.1034182,2.4753974
17,21970,0.1422221,2.5551263
17,21970,9.30522e-2,2.381127
17,21970,0.1161485,2.4625453
17,21970,8.66487e-2,2.3244027
17,21970,0.1164663,2.2558502
18,21970,9.22083e-2,2.5304092
18,21970,9.95259e-2,2.812441
18,21970,9.1799e-2,2.9433934
18,21970,9.23365e-2,2.3217353
18,21970,9.69344e-2,2.5201382
18,21970,9.3218e-2,2.663257
18,21970,6.35949e-2,2.7877951
18,21970,6.46258e-2,2.3187448
18,21970,0.10036,2.8178323
18,21970,0.1020167,2.7233088
19,21970,6.46195e-2,2.5031825
19,21970,6.32436e-2,2.4828111
19,21970,5.90331e-2,2.4471383
19,21970,9.87683e-2,2.7948408
19,21970,8.74276e-2,2.5342886
19,21970,9.43517e-2,2.7991275
19,21970,6.16169e-2,2.4731743
19,21970,6.26353e-2,2.4598453
19,21970,9.78581e-2,2.7198252
19,21970,8.59228e-2,2.6476618
20,21970,9.97523e-2,2.7895547
20,21970,6.21406e-2,2.5562569
20,21970,6.34411e-2,2.3633889
20,21970,8.93683e-2,2.5406947
20,21970,6.34259e-2,2.6668666
20,21970,6.32133e-2,2.3738138
20,21970,6.69842e-2,2.7720185
20,21970,6.26946e-2,2.5131075
20,21970,8.10259e-2,2.4368143
20,21970,0.1143179,2.8906398
21,21970,6.22146e-2,2.2776279
21,21970,8.89235e-2,2.6287765
21,21970,9.32434e-2,2.6416045
21,21970,5.85352e-2,2.4989176
21,21970,5.52954e-2,2.5385476
21,21970,8.46005e-2,2.91639
21,21970,8.47047e-2,2.8430401
21,21970,6.23416e-2,2.252613
21,21970,6.66325e-2,2.6641268
21,21970,8.91948e-2,2.3546618
22,21970,6.42156e-2,2.6985357
22,21970,9.06617e-2,2.5391273
22,21970,0.1297278,2.8639434
22,21970,6.82597e-2,2.7155476
22,21970,6.652e-2,2.430183
22,21970,8.27523e-2,2.8245292
22,21970,9.21258e-2,2.8897748
22,21970,6.31618e-2,2.5141617
22,21970,9.40337e-2,2.7663714
22,21970,6.50134e-2,2.8890416
23,21970,0.1023051,2.6323793
23,21970,0.1560298,3.1648386
23,21970,8.24087e-2,2.8941965
23,21970,6.44884e-2,2.8967713
23,21970,9.80662e-2,2.7267168
23,21970,0.104976,2.4342767
23,21970,6.71985e-2,2.9441462
23,21970,8.65152e-2,2.5365137
23,21970,9.55211e-2,2.6960106
23,21970,6.72576e-2,2.8477114
24,21970,8.39621e-2,2.54929
24,21970,6.17088e-2,2.3201048
24,21970,6.99488e-2,2.6332809
24,21970,8.81228e-2,2.4302381
24,21970,0.1107755,2.7366134
24,21970,7.98626e-2,2.3283657
24,21970,9.79233e-2,2.5510318
24,21970,6.71732e-2,2.4303633
24,21970,9.71422e-2,2.5686829
24,21970,0.1259066,2.3666939
25,21970,0.1219066,2.8042188
25,21970,6.05877e-2,2.7837168
25,21970,9.88895e-2,2.6465094
25,21970,6.85158e-2,2.5495644
25,21970,6.65623e-2,2.7921095
25,21970,7.29099e-2,2.6074491
25,21970,6.49124e-2,2.714998
25,21970,6.86797e-2,2.611944
25,21970,6.50557e-2,2.6818518
25,21970,7.6206e-2,2.6278861
26,21970,6.18363e-2,2.3389944
26,21970,9.33686e-2,2.6207286
26,21970,5.5177e-2,2.1968183
26,21970,0.114669,2.6696662
26,21970,6.13672e-2,2.2582198
26,21970,0.1077716,2.8251559
26,21970,7.62718e-2,2.3112439
26,21970,9.37563e-2,2.4941207
26,21970,6.52274e-2,2.2962293
26,21970,0.1124089,2.6795166
27,21970,7.44318e-2,2.2336533
27,21970,0.1143808,2.6483303
27,21970,6.22041e-2,2.1291624
27,21970,0.1210164,2.7949397
27,21970,8.28556e-2,2.2751932
27,21970,0.1185263,2.5229634
27,21970,5.84853e-2,2.2411057
27,21970,8.97266e-2,2.6374553
27,21970,5.99754e-2,2.2818925
27,21970,0.1043071,2.7271163
28,21970,9.70244e-2,2.657775
28,21970,6.40816e-2,2.3633445
28,21970,6.18271e-2,2.5781827
28,21970,6.22855e-2,2.6999456
28,21970,6.52727e-2,2.480941
28,21970,9.19991e-2,2.6029145
28,21970,6.94658e-2,2.5629695
28,21970,9.42421e-2,2.4413543
28,21970,0.1045231,2.5925715
28,21970,6.10553e-2,2.9784185
29,21970,8.77831e-2,2.3468391
29,21970,0.1041964,2.3206898
29,21970,9.19591e-2,2.5378226
29,21970,6.21647e-2,2.6660989
29,21970,8.02073e-2,2.4513435
29,21970,0.1014277,2.5525189
29,21970,6.27853e-2,2.5413914
29,21970,9.49186e-2,2.3280946
29,21970,0.1395172,2.6674685
29,21970,0.1024992,2.548906
0,28561,9.02579e-2,3.704977
0,28561,9.28074e-2,3.1872951
0,28561,8.48291e-2,3.6732636
0,28561,8.29853e-2,3.5398222
0,28561,9.63363e-2,3.7692965
0,28561,8.9848e-2,3.5661209
0,28561,0.126005,3.4326866
0,28561,9.15438e-2,3.2895711
0,28561,0.1709085,3.675229
0,28561,0.1025283,3.7192075
1,28561,8.12068e-2,3.3840704
1,28561,8.34163e-2,3.4780314
1,28561,9.43843e-2,3.1110585
1,28561,0.1144642,3.201759
1,28561,0.1591485,3.6464233
1,28561,8.41805e-2,3.8995713
1,28561,0.1336368,3.2626239
1,28561,8.44953e-2,3.5914895
1,28561,8.4706e-2,3.4565879
1,28561,8.90972e-2,3.0388028
2,28561,0.1023693,3.5988548
2,28561,8.50592e-2,3.3572747
2,28561,0.1334812,3.4830473
2,28561,0.1336025,3.720436
2,28561,8.26795e-2,3.1919563
2,28561,8.46252e-2,3.1152727
2,28561,9.74577e-2,3.5386925
2,28561,0.1053863,3.2454862
2,28561,8.53029e-2,3.3652321
2,28561,0.1252503,3.5557869
3,28561,8.3376e-2,3.3022625
3,28561,0.181493,3.6363087
3,28561,0.1558246,3.5146997
3,28561,0.1756476,3.6055454
3,28561,0.1700346,3.6483413
3,28561,0.138671,3.5944687
3,28561,0.1427452,3.3849814
3,28561,0.1322079,3.4709381
3,28561,0.194414,3.4774919
3,28561,0.1414425,3.5224567
4,28561,0.1584905,3.4031281
4,28561,8.18945e-2,3.652282
4,28561,0.1029786,3.4309618
4,28561,0.1159505,3.2919212
4,28561,0.1100406,3.6559174
4,28561,0.1206842,3.3022846
4,28561,8.93295e-2,3.0364049
4,28561,0.1117275,3.6543784
4,28561,0.1319314,3.600439
4,28561,0.1240476,3.5305185
5,28561,8.46388e-2,3.342462
5,28561,0.1101888,3.5136732
5,28561,0.1527674,3.4245434
5,28561,9.47358e-2,3.5317424
5,28561,0.1174951,3.4986872
5,28561,9.19422e-2,3.4797781
5,28561,8.30534e-2,3.5301146
5,28561,0.1033526,3.3891689
5,28561,8.96217e-2,3.2326811
5,28561,0.1136337,3.4604404
6,28561,9.04918e-2,3.971967
6,28561,0.1136262,3.3922141
6,28561,0.1129093,3.8214844
6,28561,0.1572845,3.7228324
6,28561,0.1133146,4.4780522
6,28561,0.1790876,3.9044161
6,28561,0.1242734,3.5594085
6,28561,9.42474e-2,3.5404398
6,28561,0.1178363,3.6256312
6,28561,9.06974e-2,3.8118156
7,28561,8.89019e-2,3.5015441
7,28561,9.00416e-2,3.2749844
7,28561,0.1411952,3.8193492
7,28561,9.44707e-2,3.6697602
7,28561,0.1482541,3.4008743
7,28561,9.65371e-2,3.3799429
7,28561,9.39633e-2,3.9303808
7,28561,0.1161428,3.2192182
7,28561,9.50829e-2,3.6346373
7,28561,0.1869875,3.9185409
8,28561,0.1309984,3.3485786
8,28561,8.88934e-2,3.6388991
8,28561,8.38384e-2,3.5654857
8,28561,0.1168326,3.3233917
8,28561,7.63289e-2,3.3711666
8,28561,8.32053e-2,3.3623327
8,28561,0.105962,3.3777738
8,28561,0.1177275,3.5497059
8,28561,8.48321e-2,3.1391818
8,28561,0.1012106,3.216288
9,28561,7.88728e-2,3.1478289
9,28561,0.1194195,3.266023
9,28561,0.1252429,3.3127967
9,28561,9.02473e-2,3.1788407
9,28561,0.1106495,3.1585692
9,28561,0.1034009,3.3408023
9,28561,9.67666e-2,3.4004857
9,28561,0.1097129,3.1719036
9,28561,8.3652e-2,3.1984559
9,28561,9.66234e-2,3.5858024
10,28561,8.46634e-2,3.0152314
10,28561,0.1264956,3.6398329
10,28561,8.20594e-2,3.1689716
10,28561,0.1747821,3.3245266
10,28561,0.1426932,3.2795094
10,28561,0.1197007,3.4320861
10,28561,0.1349766,3.2354601
10,28561,9.72179e-2,3.2433751
10,28561,0.1225707,3.2826419
10,28561,0.1343682,3.2090436
11,28561,0.1212863,3.6162157
11,28561,8.82564e-2,3.2990558
11,28561,9.89327e-2,3.1441032
11,28561,8.91012e-2,3.6803326
11,28561,0.1281969,4.2361785
11,28561,0.1407348,4.9239728
11,28561,0.1095083,3.8446192
11,28561,0.1035071,3.6185903
11,28561,8.3966e-2,3.2149813
11,28561,8.71724e-2,3.2792126
12,28561,0.1105808,3.1926123
12,28561,0.1297972,3.6376598
12,28561,9.68095e-2,3.6661356
12,28561,0.1461226,3.6186755
12,28561,8.51331e-2,3.0162992
12,28561,0.1450344,3.6719754
12,28561,8.53982e-2,3.6090416
12,28561,8.47693e-2,3.1145547
12,28561,0.1640387,3.7468708
12,28561,8.53186e-2,3.512491
13,28561,0.1157807,3.300906
13,28561,0.163326,3.4268976
13,28561,0.1255816,3.3421171
13,28561,0.1759572,3.7868856
13,28561,0.1171152,3.2021191
13,28561,0.1869901,3.3241943
13,28561,0.1700269,3.5878281
13,28561,8.64478e-2,3.0184871
13,28561,0.1576838,3.5411588
13,28561,0.1274579,3.5017898
14,28561,0.1326668,3.5180252
14,28561,8.31804e-2,3.258798
14,28561,0.1106272,3.2620454
14,28561,0.1965098,3.8930377
14,28561,0.1279587,3.2885816
14,28561,0.1127475,3.1795524
14,28561,0.1155915,3.1763596
14,28561,9.16594e-2,3.4371005
14,28561,0.1315301,3.3896001
14,28561,9.30342e-2,3.6713419
15,28561,0.1667532,3.3865915
15,28561,0.134275,4.1320152
15,28561,8.61984e-2,3.5391766
15,28561,8.26495e-2,3.3112559
15,28561,9.02486e-2,3.2314161
15,28561,0.1308525,3.5385795
15,28561,8.89065e-2,3.7905482
15,28561,9.51771e-2,3.6430486
15,28561,9.18212e-2,3.2715651
15,28561,8.5921e-2,3.5384979
16,28561,0.1390997,3.5113671
16,28561,9.10302e-2,3.305387
16,28561,0.1546582,3.6585007
16,28561,0.1068785,3.2744312
16,28561,0.1284377,3.7363266
16,28561,8.68173e-2,3.3668351
16,28561,0.1582824,3.7513442
16,28561,8.72145e-2,3.2034901
16,28561,0.1638338,3.705397
16,28561,9.44558e-2,3.4422202
17,28561,0.1550466,3.5827613
17,28561,8.06321e-2,3.1641893
17,28561,0.1449365,3.5239408
17,28561,8.42416e-2,3.1250906
17,28561,0.1541521,3.4412695
17,28561,0.1024886,3.1655674
17,28561,0.196662,3.5596012
17,28561,0.1045763,3.0741099
17,28561,0.1285627,3.2811294
17,28561,8.11646e-2,3.2574438
18,28561,0.1495543,3.6237991
18,28561,0.1020617,3.5414831
18,28561,0.1135256,3.2790683
18,28561,0.1521512,3.8707361
18,28561,9.95078e-2,3.7083116
18,28561,0.1409019,3.1080872
18,28561,0.1575154,3.6982602
18,28561,0.1029274,3.8170361
18,28561,7.7957e-2,3.2566494
18,28561,0.1997133,3.6114204
19,28561,0.1015792,3.7595506
19,28561,9.11083e-2,3.4710276
19,28561,9.86371e-2,3.3592011
19,28561,0.1316631,3.265111
19,28561,0.1307377,3.9659754
19,28561,0.1660251,3.5311745
19,28561,0.1176207,3.2535005
19,28561,0.1074299,3.5978225
19,28561,0.1079242,3.77719
19,28561,0.1204484,3.7110474
20,28561,8.5374e-2,2.8914303
20,28561,0.1685566,3.5755156
20,28561,0.1088183,3.3629538
20,28561,0.1034927,3.2715969
20,28561,0.1339851,3.4237935
20,28561,9.74231e-2,3.5029593
20,28561,0.1356482,3.166915
20,28561,0.1339348,3.6694504
20,28561,0.1347186,3.0211649
20,28561,0.1331276,3.6496614
21,28561,8.5263e-2,3.0989539
21,28561,8.82781e-2,3.592514
21,28561,8.22273e-2,3.5694289
21,28561,8.28171e-2,3.0752733
21,28561,8.35709e-2,3.1726353
21,28561,0.1105423,3.7005248
21,28561,0.1244616,3.0139029
21,28561,0.1461414,3.6534479
21,28561,0.111362,3.2660558
21,28561,8.36905e-2,2.9857311
22,28561,0.1168445,3.6968588
22,28561,9.726e-2,4.1138939
22,28561,8.78858e-2,3.2792499
22,28561,0.1409646,3.8448737
22,28561,0.1152658,3.4002541
22,28561,0.170597,3.7976228
22,28561,0.1281762,3.4198963
22,28561,0.1382455,3.849568
22,28561,9.31122e-2,3.4435622
22,28561,0.1453028,3.8713687
23,28561,9.53247e-2,3.9085108
23,28561,0.1025963,3.3814839
23,28561,0.1113296,4.1114714
23,28561,0.1247082,3.5568371
23,28561,0.1709022,3.6882871
23,28561,0.1756301,3.4594499
23,28561,0.1558688,3.8876056
23,28561,0.1555002,3.6049081
23,28561,0.1950625,3.8081287
23,28561,0.1580357,3.7207442
24,28561,0.1281272,3.5031813
24,28561,8.20161e-2,3.3456787
24,28561,0.1128082,3.2087222
24,28561,0.1641352,3.8681557
24,28561,0.1142237,3.4585189
24,28561,8.29368e-2,3.1500555
24,28561,0.1314138,3.4782231
24,28561,8.34093e-2,3.271155
24,28561,0.1225088,3.0409854
24,28561,0.1428166,3.6367245
25,28561,0.1204494,3.2161669
25,28561,8.8948e-2,3.3905398
25,28561,0.1108229,3.4913571
25,28561,0.1289145,3.3632057
25,28561,0.1029648,3.4398108
25,28561,8.55922e-2,3.674181
25,28561,8.56886e-2,3.0755558
25,28561,0.1426971,3.7297629
25,28561,0.1319915,3.1849403
25,28561,9.19508e-2,3.7647103
26,28561,8.6102e-2,3.30654
26,28561,9.0743e-2,3.6613014
26,28561,9.28175e-2,3.3015154
26,28561,8.1681e-2,3.7479977
26,28561,8.34873e-2,3.4317102
26,28561,0.1111074,3.75137
26,28561,9.08474e-2,3.5913136
26,28561,0.1105796,3.7466379
26,28561,0.1016536,3.137918
26,28561,9.21208e-2,3.8621524
27,28561,7.69485e-2,3.4522712
27,28561,0.1303089,3.4362462
27,28561,8.73573e-2,3.306963
27,28561,8.2632e-2,3.4861875
27,28561,8.41068e-2,3.2503011
27,28561,9.00614e-2,3.2135103
27,28561,8.03737e-2,3.4416721
27,28561,8.34652e-2,2.9933828
27,28561,8.19855e-2,3.6066736
27,28561,8.16317e-2,3.2606803
28,28561,8.61623e-2,3.539957
28,28561,0.1089974,3.8660791
28,28561,8.89468e-2,3.448903
28,28561,0.1540734,3.4995749
28,28561,0.1522912,3.515593
28,28561,0.1579922,3.4462175
28,28561,0.1460556,3.564632
28,28561,0.1556502,3.7275213
28,28561,0.1663492,3.5158318
28,28561,0.1356754,3.4959815
29,28561,0.1592532,3.6544773
29,28561,8.51289e-2,3.2422455
29,28561,0.1120602,3.5912305
29,28561,8.34247e-2,3.088206
29,28561,7.77608e-2,3.6746907
29,28561,0.1133433,3.0509218
29,28561,0.1042437,3.4588394
29,28561,8.97718e-2,3.1693662
29,28561,0.1102683,3.7567166
29,28561,0.1106099,3.2543546
0,37130,0.1469642,4.7994575
0,37130,0.1383035,4.0692836
0,37130,0.1500903,4.43317
0,37130,0.1449478,4.6397473
0,37130,0.1405346,4.7137934
0,37130,0.1199014,4.83699
0,37130,0.1416574,4.6151008
0,37130,0.1389695,4.2809346
0,37130,9.76166e-2,4.0748104
0,37130,0.1607894,4.7012877
1,37130,0.149053,5.0205255
1,37130,0.1282546,4.9499991
1,37130,0.1471745,5.0062908
1,37130,0.1462556,4.870991
1,37130,0.1541525,4.7862543
1,37130,0.2058808,5.5083992
1,37130,0.1438814,4.9366258
1,37130,0.1475104,4.8781295
1,37130,0.1097422,4.4597289
1,37130,0.1279482,5.2840604
2,37130,0.1200929,4.4619398
2,37130,0.1552553,4.9508131
2,37130,0.1116351,4.7904144
2,37130,0.2057827,4.3548466
2,37130,0.1754855,4.8691619
2,37130,0.1114176,4.7092673
2,37130,0.1169758,4.8801603
2,37130,0.1795697,4.9225373
2,37130,0.1119141,4.7209066
2,37130,0.1497697,4.204535
3,37130,0.1988239,4.7330619
3,37130,0.1632839,4.8151875
3,37130,0.1060432,4.6092025
3,37130,0.1674413,4.4378132
3,37130,0.150277,4.8873235
3,37130,0.111679,4.5002059
3,37130,0.1641535,4.4316788
3,37130,0.1419922,4.3173288
3,37130,0.1123264,4.6663897
3,37130,0.1589277,4.8681331
4,37130,0.1676735,4.2742343
4,37130,0.1463218,4.8487129
4,37130,0.1631874,4.2742239
4,37130,0.1887947,4.3636493
4,37130,0.1667532,4.590636
4,37130,0.2453837,4.4786699
4,37130,0.196436,4.5577222
4,37130,0.2318412,4.1422218
4,37130,0.1834865,4.5445517
4,37130,0.2115383,4.5216182
5,37130,0.1737749,4.5413522
5,37130,0.2044596,4.760783
5,37130,0.228207,5.2780117
5,37130,0.2013164,4.7053176
5,37130,0.1988586,5.0474416
5,37130,0.2326939,4.6564883
5,37130,0.2069653,4.8579209
5,37130,0.2299513,4.6028971
5,37130,0.2212724,4.7048282
5,37130,0.2978957,4.5930235
6,37130,0.1963211,5.336541
6,37130,0.1544487,4.7028554
6,37130,0.1215109,4.8463911
6,37130,0.1339971,4.4257384
6,37130,0.2265459,5.4021965
6,37130,0.139078,4.7909143
6,37130,0.1122063,5.0715956
6,37130,0.1495914,4.3954237
6,37130,0.1866127,5.3374122
6,37130,0.1499979,4.8484233
7,37130,0.1481288,4.7587056
7,37130,0.1670458,4.2099587
7,37130,0.1411286,4.3283793
7,37130,0.1701249,4.8789684
7,37130,0.1230145,5.0185957
7,37130,0.1388333,4.7114934
7,37130,0.1366138,4.1169724
7,37130,0.1722565,5.176817
7,37130,0.1340379,4.3462649
7,37130,0.1432278,5.2373279
8,37130,0.1574286,4.8979344
8,37130,0.1306983,4.3200033
8,37130,0.1256042,4.4104497
8,37130,0.1415794,4.532439
8,37130,0.1069398,5.0301473
8,37130,0.151879,4.416032
8,37130,0.1264799,4.718317
8,37130,0.1415284,4.3919838
8,37130,0.1419406,4.4829644
8,37130,0.1498783,4.8824177
9,37130,0.1202609,4.3645818
9,37130,0.1142895,4.5232978
9,37130,0.1201971,4.7626955
9,37130,0.1354726,4.7084866
9,37130,0.1572117,4.8514282
9,37130,0.1706197,4.4620521
9,37130,0.1436575,4.604772
9,37130,0.1129938,4.7637495
9,37130,0.1383155,4.2306389
9,37130,0.1902863,4.7582086
10,37130,0.1498471,4.6853812
10,37130,0.1566275,4.3070813
10,37130,0.2900451,5.120089
10,37130,0.1529315,4.7292494
10,37130,0.1247185,5.6266657
10,37130,0.1361928,4.6172185
10,37130,0.1478793,4.9100175
10,37130,0.1273679,5.0011493
10,37130,0.1450331,4.8985404
10,37130,0.2117201,5.0648958
11,37130,0.128198,4.9469525
11,37130,0.1588176,4.7081953
11,37130,0.1399759,4.2978303
11,37130,0.2252101,4.5117222
11,37130,0.1222297,4.5352941
11,37130,0.1271052,4.5284555
11,37130,0.1963936,4.617246
11,37130,0.143145,4.9027854
11,37130,0.1440663,4.4222267
11,37130,0.124759,4.3921851
12,37130,0.1110869,4.7705992
12,37130,0.1957812,5.2432263
12,37130,0.1194998,5.1401278
12,37130,0.1146471,4.6247082
12,37130,0.2326128,5.1006041
12,37130,0.1398405,5.2797416
12,37130,0.1441613,4.4317795
12,37130,0.2185009,4.7579211
12,37130,0.1189199,5.0926889
12,37130,0.1205261,4.8240541
13,37130,0.2254377,4.7583132
13,37130,0.2034017,4.8618265
13,37130,0.1661803,4.552483
13,37130,0.168218,4.4809475
13,37130,0.2097318,4.5474521
13,37130,0.196305,4.8075108
13,37130,0.1507742,4.7011807
13,37130,0.1769403,4.7482184
13,37130,0.2587355,4.5912842
13,37130,0.2155368,4.7269055
14,37130,0.2348429,4.7830747
14,37130,0.1390572,4.5367249
14,37130,0.2063757,5.0012405
14,37130,0.1536544,4.2910911
14,37130,0.1531567,4.3780771
14,37130,0.1875214,4.7850865
14,37130,0.1324637,4.5139481
14,37130,0.1303187,4.9283875
14,37130,0.14661,4.6876729
14,37130,0.1657701,4.3642983
15,37130,0.2406317,5.0284509
15,37130,0.1342632,4.8678229
15,37130,0.1589629,4.8837775
15,37130,0.1158983,4.869156
15,37130,0.1481023,5.0353637
15,37130,0.1220364,4.6642358
15,37130,0.1164866,4.6938795
15,37130,0.1142068,4.6826222
15,37130,0.1241941,4.8212221
15,37130,0.1462011,4.8229419
16,37130,0.1705544,5.2756582
16,37130,0.1734772,4.8768572
16,37130,0.1905684,5.8593897
16,37130,0.2813721,6.3366821
16,37130,0.2645235,6.4623755
16,37130,0.3110694,5.6065477
16,37130,0.254558,5.2531037
16,37130,0.2234522,5.0207623
16,37130,0.2682951,4.9994836
16,37130,0.2433527,5.3260769
17,37130,0.2472396,4.9022479
17,37130,0.1238167,4.049104
17,37130,0.1238696,4.5738228
17,37130,0.1311263,4.6668313
17,37130,0.151158,4.6355677
17,37130,0.1493453,4.1366903
17,37130,0.2580104,4.8974237
17,37130,0.120883,4.235647
17,37130,0.1561276,4.7038835
17,37130,0.160201,4.3873385
18,37130,0.1401323,4.7333556
18,37130,0.1432294,4.390308
18,37130,0.1587318,4.9290591
18,37130,0.147845,4.2577704
18,37130,0.1293108,4.2450983
18,37130,0.1690454,4.6106444
18,37130,0.1489711,4.0872106
18,37130,0.223523,4.639811
18,37130,0.2464525,4.6273893
18,37130,0.1475713,4.9401197
19,37130,0.1263375,4.3085196
19,37130,0.1388352,5.1397262
19,37130,0.1160386,4.1717737
19,37130,0.2586541,4.7215269
19,37130,0.201655,4.8686612
19,37130,0.1814672,4.9953497
19,37130,0.2041015,4.6080353
19,37130,0.2313338,4.7698236
19,37130,0.1994528,4.7123666
19,37130,0.2322795,4.6092833
20,37130,0.2340041,5.2526361
20,37130,0.1343193,4.550948
20,37130,0.1194589,4.8417759
20,37130,0.1614125,4.7009273
20,37130,0.1568577,4.8421971
20,37130,0.1194264,4.4769947
20,37130,0.1197821,4.7840811
20,37130,0.1213171,4.5510945
20,37130,0.1453458,4.8139338
20,37130,0.1224684,4.5526254
21,37130,0.1559927,4.3741093
21,37130,0.2111355,4.7010227
21,37130,0.1355505,4.119962
21,37130,0.1142122,4.1454508
21,37130,0.1137355,4.8746828
21,37130,0.1512265,4.4348219
21,37130,0.1756524,4.5699401
21,37130,0.1130436,4.153455
21,37130,0.104176,4.2063898
21,37130,0.1897206,4.3897448
22,37130,0.1558637,4.4991355
22,37130,0.211067,4.8191953
22,37130,0.2695363,4.5522848
22,37130,0.1873461,4.781746
22,37130,0.1757568,4.5465648
22,37130,0.2223175,4.7157829
22,37130,0.2240125,4.6590192
22,37130,0.2534109,4.6983732
22,37130,0.2170714,4.4330501
22,37130,0.2026497,4.6062337
23,37130,0.2476663,4.9537229
23,37130,0.1341678,4.4126268
23,37130,0.211896,4.8593069
23,37130,0.1561235,5.1109083
23,37130,0.124527,4.1036856
23,37130,0.1999932,4.6692446
23,37130,0.1439888,5.0453327
23,37130,0.1596322,4.1504351
23,37130,0.2187431,4.6157205
23,37130,0.1086519,5.1015753
24,37130,0.1502965,4.1511155
24,37130,0.120418,4.6600907
24,37130,0.1713408,4.1542497
24,37130,0.1168847,4.5758286
24,37130,0.1233835,4.3225873
24,37130,0.118546,4.6331354
24,37130,0.2017535,4.5550405
24,37130,0.189802,4.8512029
24,37130,0.1332131,4.5415143
24,37130,0.1215189,4.2137094
25,37130,0.1960003,4.7748185
25,37130,0.1407289,4.508009
25,37130,0.1633868,4.8991605
25,37130,0.1254757,4.2817834
25,37130,0.1071813,4.720315
25,37130,0.1163821,4.6674697
25,37130,0.1534478,4.9012641
25,37130,0.1318438,4.5554281
25,37130,0.1679071,4.7798724
25,37130,0.156007,4.4526439
26,37130,0.1173274,4.959583
26,37130,0.1499113,4.2759217
26,37130,0.1375411,4.4149403
26,37130,0.1941742,4.8277591
26,37130,0.1660734,4.9468811
26,37130,0.1300704,4.5293724
26,37130,0.2075055,4.7786485
26,37130,0.1781688,4.5587931
26,37130,0.1776976,4.8236196
26,37130,0.3113889,4.8221856
27,37130,0.1441725,4.8839313
27,37130,0.1952702,5.1555124
27,37130,0.1209754,3.9081332
27,37130,0.2334955,4.7103745
27,37130,0.1281588,4.2964326
27,37130,0.2247332,4.6649161
27,37130,0.1101657,4.2533338
27,37130,0.2101845,4.7889287
27,37130,0.1462231,4.537917
27,37130,0.2201213,4.7890464
