seed,n,time
0,500,4.10075e-2
0,500,4.35197e-2
0,500,4.18297e-2
0,500,4.23567e-2
0,500,4.17421e-2
0,500,4.58292e-2
0,500,4.18596e-2
0,500,4.42766e-2
0,500,4.20174e-2
0,500,4.30458e-2
1,500,6.77008e-2
1,500,7.59941e-2
1,500,7.75847e-2
1,500,7.34697e-2
1,500,7.17577e-2
1,500,7.13542e-2
1,500,6.62888e-2
1,500,6.71708e-2
1,500,7.28558e-2
1,500,6.7008e-2
2,500,3.23221e-2
2,500,3.26198e-2
2,500,3.23226e-2
2,500,3.112e-2
2,500,3.44763e-2
2,500,3.20933e-2
2,500,3.42798e-2
2,500,3.85627e-2
2,500,3.40358e-2
2,500,3.39977e-2
3,500,0.5112728
3,500,0.49284
3,500,0.5091186
3,500,0.708046
3,500,0.6824002
3,500,0.7138141
3,500,0.694051
3,500,0.636354
3,500,0.6832976
3,500,0.7532057
4,500,9.8147e-2
4,500,0.1199478
4,500,0.1329858
4,500,9.14059e-2
4,500,0.1150851
4,500,7.94741e-2
4,500,0.104862
4,500,9.25852e-2
4,500,7.82071e-2
4,500,7.69911e-2
5,500,6.08474e-2
5,500,6.17133e-2
5,500,6.25332e-2
5,500,8.61007e-2
5,500,6.20101e-2
5,500,8.76243e-2
5,500,6.88111e-2
5,500,8.78106e-2
5,500,0.1096138
5,500,8.81428e-2
6,500,7.53235e-2
6,500,6.18428e-2
6,500,6.15815e-2
6,500,6.13031e-2
6,500,6.236e-2
6,500,8.77029e-2
6,500,6.21387e-2
6,500,6.10577e-2
6,500,6.23217e-2
6,500,8.87634e-2
7,500,5.02309e-2
7,500,2.62048e-2
7,500,4.47709e-2
7,500,2.26235e-2
7,500,2.29251e-2
7,500,2.36998e-2
7,500,2.31115e-2
7,500,2.34702e-2
7,500,2.2978e-2
7,500,2.28161e-2
8,500,0.1014103
8,500,7.3209e-2
8,500,7.34942e-2
8,500,0.125022
8,500,0.1016924
8,500,7.87607e-2
8,500,0.1272323
8,500,0.1022309
8,500,7.18575e-2
8,500,0.1021007
9,500,4.15448e-2
9,500,4.17882e-2
9,500,4.13853e-2
9,500,4.12467e-2
9,500,4.1151e-2
9,500,4.15259e-2
9,500,5.36606e-2
9,500,3.96326e-2
9,500,3.9974e-2
9,500,4.20084e-2
10,500,0.1604659
10,500,0.1431402
10,500,0.1529277
10,500,0.1268194
10,500,0.1571917
10,500,0.1334905
10,500,0.1535678
10,500,0.1637834
10,500,0.1493367
10,500,0.1466857
11,500,4.36959e-2
11,500,4.26026e-2
11,500,5.94178e-2
11,500,5.0992e-2
11,500,6.04088e-2
11,500,4.07012e-2
11,500,4.18451e-2
11,500,4.13498e-2
11,500,4.09882e-2
11,500,6.05369e-2
12,500,8.94246e-2
12,500,0.1287945
12,500,0.1205579
12,500,0.1202148
12,500,0.1120243
12,500,8.7608e-2
12,500,8.9024e-2
12,500,0.1078603
12,500,8.95377e-2
12,500,9.09435e-2
13,500,8.03202e-2
13,500,5.33953e-2
13,500,5.62093e-2
13,500,5.51059e-2
13,500,5.45698e-2
13,500,8.28259e-2
13,500,8.05285e-2
13,500,8.2412e-2
13,500,7.61174e-2
13,500,5.84653e-2
14,500,7.10308e-2
14,500,7.19369e-2
14,500,7.16899e-2
14,500,0.1090147
14,500,9.07343e-2
14,500,0.1059351
14,500,7.06599e-2
14,500,0.1009056
14,500,7.12092e-2
14,500,7.06104e-2
15,500,7.436e-2
15,500,7.35966e-2
15,500,0.1136065
15,500,9.71693e-2
15,500,7.26058e-2
15,500,0.1017605
15,500,9.77141e-2
15,500,9.5897e-2
15,500,0.1025152
15,500,7.11226e-2
16,500,5.94944e-2
16,500,6.04131e-2
16,500,6.03308e-2
16,500,5.9978e-2
16,500,6.06766e-2
16,500,8.67984e-2
16,500,8.2043e-2
16,500,6.60761e-2
16,500,0.102529
16,500,6.87216e-2
17,500,0.6987615
17,500,0.7385325
17,500,0.676891
17,500,0.7226839
17,500,0.6878378
17,500,0.7942709
17,500,0.6782674
17,500,0.6973351
17,500,0.6832087
17,500,0.6771996
18,500,7.66143e-2
18,500,5.66199e-2
18,500,9.846e-2
18,500,8.74196e-2
18,500,6.80677e-2
18,500,9.42806e-2
18,500,6.63779e-2
18,500,8.46676e-2
18,500,5.86438e-2
18,500,5.8498e-2
19,500,7.69873e-2
19,500,3.9552e-2
19,500,3.96648e-2
19,500,8.0281e-2
19,500,4.74456e-2
19,500,3.87869e-2
19,500,3.86508e-2
19,500,3.81924e-2
19,500,3.94719e-2
19,500,3.96048e-2
20,500,5.66702e-2
20,500,3.21106e-2
20,500,2.84284e-2
20,500,2.86179e-2
20,500,5.19166e-2
20,500,3.73646e-2
20,500,2.95581e-2
20,500,2.93695e-2
20,500,3.05585e-2
20,500,2.94181e-2
21,500,8.16638e-2
21,500,5.80016e-2
21,500,5.87779e-2
21,500,5.61067e-2
21,500,5.80113e-2
21,500,5.47641e-2
21,500,8.28225e-2
21,500,8.20992e-2
21,500,5.33046e-2
21,500,5.48344e-2
22,500,0.1619871
22,500,0.1556729
22,500,0.1557193
22,500,0.2087611
22,500,0.1480206
22,500,0.1640609
22,500,0.1491291
22,500,0.1601345
22,500,0.1546777
22,500,0.1509444
23,500,0.1039209
23,500,0.1060773
23,500,0.1054961
23,500,0.1048451
23,500,0.1054875
23,500,0.1457328
23,500,0.1255023
23,500,0.1041509
23,500,0.1033938
23,500,0.1241403
24,500,0.1051557
24,500,0.1070054
24,500,0.1055371
24,500,0.1080785
24,500,0.1061419
24,500,0.1151089
24,500,0.1346404
24,500,0.1056669
24,500,0.108287
24,500,0.1355308
25,500,0.1228403
25,500,0.1240867
25,500,0.1522479
25,500,0.1779448
25,500,0.1276986
25,500,0.1245025
25,500,0.130148
25,500,0.1264265
25,500,0.1510441
25,500,0.1305415
26,500,3.95093e-2
26,500,4.14384e-2
26,500,4.06793e-2
26,500,5.98047e-2
26,500,4.99405e-2
26,500,4.1437e-2
26,500,4.17038e-2
26,500,4.03174e-2
26,500,4.0567e-2
26,500,4.15859e-2
27,500,4.04751e-2
27,500,4.06417e-2
27,500,4.12915e-2
27,500,3.91321e-2
27,500,4.03022e-2
27,500,4.05405e-2
27,500,5.24916e-2
27,500,5.19434e-2
27,500,6.11675e-2
27,500,4.71763e-2
28,500,0.1962506
28,500,0.1760678
28,500,0.1817521
28,500,0.1781244
28,500,0.2126258
28,500,0.1831951
28,500,0.1864934
28,500,0.2088145
28,500,0.1754534
28,500,0.224693
29,500,0.1276515
29,500,0.1019263
29,500,0.1011699
29,500,0.1044907
29,500,0.104362
29,500,0.1047325
29,500,0.1086407
29,500,0.1601345
29,500,0.1101405
29,500,0.1542639
0,650,8.88831e-2
0,650,8.39811e-2
0,650,8.41026e-2
0,650,0.1392084
0,650,8.48729e-2
0,650,9.07847e-2
0,650,8.77012e-2
0,650,0.1123501
0,650,8.75239e-2
0,650,0.1142908
1,650,0.3798617
1,650,0.3791197
1,650,0.4455223
1,650,0.3843033
1,650,0.394411
1,650,0.4039301
1,650,0.3779524
1,650,0.4426607
1,650,0.3681192
1,650,0.4037371
2,650,9.06691e-2
2,650,0.1211492
2,650,9.40688e-2
2,650,0.1129364
2,650,0.1084425
2,650,9.22801e-2
2,650,0.1320026
2,650,0.1181925
2,650,0.1113027
2,650,0.1266613
3,650,0.121357
3,650,0.1696719
3,650,0.1281996
3,650,0.1201727
3,650,0.1388591
3,650,0.129545
3,650,0.1559526
3,650,0.1187136
3,650,0.1191483
3,650,0.1482465
4,650,0.1200269
4,650,0.1467557
4,650,0.1526092
4,650,0.1176999
4,650,0.1491747
4,650,0.1640558
4,650,0.192538
4,650,0.1181962
4,650,0.1546952
4,650,0.1726869
5,650,0.2450599
5,650,0.2273668
5,650,0.2400628
5,650,0.2281817
5,650,0.2392257
5,650,0.2074898
5,650,0.2419196
5,650,0.214604
5,650,0.2539983
5,650,0.2208055
6,650,0.619748
6,650,0.7268691
6,650,0.6233476
6,650,0.6291054
6,650,0.6113645
6,650,0.5745665
6,650,0.6082524
6,650,0.5405672
6,650,0.614564
6,650,0.5644887
7,650,0.2575255
7,650,0.2195881
7,650,0.212792
7,650,0.2160999
7,650,0.2115938
7,650,0.2793347
7,650,0.2107904
7,650,0.211695
7,650,0.2127365
7,650,0.2635986
8,650,0.1357615
8,650,0.1369638
8,650,0.1348531
8,650,0.1774627
8,650,0.1321854
8,650,0.1668452
8,650,0.1630163
8,650,0.1330845
8,650,0.1659594
8,650,0.1837811
9,650,0.1242215
9,650,0.1164447
9,650,0.1002287
9,650,0.1063275
9,650,0.1117881
9,650,0.1114526
9,650,8.35532e-2
9,650,8.32038e-2
9,650,8.11999e-2
9,650,9.64903e-2
10,650,0.2306074
10,650,0.2434437
10,650,0.169711
10,650,0.1706002
10,650,0.1688117
10,650,0.1668019
10,650,0.1701875
10,650,0.2215897
10,650,0.2190382
10,650,0.214554
11,650,8.60136e-2
11,650,8.40949e-2
11,650,8.42296e-2
11,650,8.40574e-2
11,650,8.43647e-2
11,650,8.62277e-2
11,650,0.1076974
11,650,8.7912e-2
11,650,0.1178808
11,650,0.1294637
12,650,0.1219571
12,650,0.1252434
12,650,0.1263639
12,650,0.1262554
12,650,0.1041972
12,650,0.1005253
12,650,0.1233767
12,650,0.1435531
12,650,0.1014723
12,650,0.100203
13,650,0.1264247
13,650,0.1271967
13,650,0.1526974
13,650,0.1294644
13,650,0.1338455
13,650,0.1672411
13,650,0.1632795
13,650,0.1284828
13,650,0.1855669
13,650,0.1529141
14,650,0.1265298
14,650,0.1099139
14,650,0.1585211
14,650,0.1296125
14,650,0.1259784
14,650,9.7444e-2
14,650,0.1404391
14,650,0.1257239
14,650,0.1194734
14,650,0.1237462
15,650,0.1161583
15,650,7.98215e-2
15,650,5.98287e-2
15,650,6.78394e-2
15,650,7.97486e-2
15,650,5.98551e-2
15,650,6.03935e-2
15,650,8.7827e-2
15,650,6.00802e-2
15,650,6.65826e-2
16,650,0.5969382
16,650,0.5435938
16,650,0.5183565
16,650,0.5391236
16,650,0.5134574
16,650,0.6113287
16,650,0.5477295
16,650,0.5690146
16,650,0.5656483
16,650,0.5445731
17,650,0.209379
17,650,0.2448706
17,650,0.2098826
17,650,0.2235471
17,650,0.2077736
17,650,0.1828414
17,650,0.1860062
17,650,0.2073891
17,650,0.1775685
17,650,0.178763
18,650,0.114328
18,650,0.1103733
18,650,8.3421e-2
18,650,8.11508e-2
18,650,7.9067e-2
18,650,7.93743e-2
18,650,0.1067301
18,650,8.00143e-2
18,650,0.1056395
18,650,0.1188743
19,650,0.1675382
19,650,0.1792196
19,650,0.1578103
19,650,0.233666
19,650,0.1634587
19,650,0.1968696
19,650,0.1838001
19,650,0.1867651
19,650,0.2012507
19,650,0.1922902
20,650,9.5898e-2
20,650,7.24835e-2
20,650,7.77046e-2
20,650,8.7001e-2
20,650,0.1021847
20,650,0.101685
20,650,7.63372e-2
20,650,8.17312e-2
20,650,0.104639
20,650,8.0499e-2
21,650,4.97284e-2
21,650,8.05216e-2
21,650,5.01056e-2
21,650,6.5529e-2
21,650,4.95041e-2
21,650,7.42559e-2
21,650,4.13861e-2
21,650,4.2091e-2
21,650,4.14276e-2
21,650,5.4822e-2
22,650,0.220202
22,650,0.2486241
22,650,0.2550734
22,650,0.2487136
22,650,0.2464404
22,650,0.2226221
22,650,0.2471711
22,650,0.3088025
22,650,0.2424415
22,650,0.2459654
23,650,0.1218437
23,650,0.1572485
23,650,0.1481834
23,650,0.1733155
23,650,0.1228485
23,650,0.1222407
23,650,0.1186591
23,650,0.1521053
23,650,0.1599392
23,650,0.1537198
24,650,0.1938833
24,650,0.177738
24,650,0.2044951
24,650,0.2208904
24,650,0.1862132
24,650,0.1758127
24,650,0.2049971
24,650,0.1917735
24,650,0.1767659
24,650,0.2074939
25,650,0.1656737
25,650,0.1639678
25,650,0.1620426
25,650,0.2008048
25,650,0.2096323
25,650,0.1590345
25,650,0.1850271
25,650,0.1636883
25,650,0.1627486
25,650,0.1916645
26,650,0.1724061
26,650,0.1684751
26,650,0.1446105
26,650,0.1362206
26,650,0.1638
26,650,0.1427937
26,650,0.1393033
26,650,0.1370964
26,650,0.1422042
26,650,0.1669188
27,650,0.144863
27,650,0.1596546
27,650,0.2070346
27,650,0.144538
27,650,0.1447553
27,650,0.2018136
27,650,0.1533972
27,650,0.1523637
27,650,0.1934375
27,650,0.1537742
28,650,0.1582314
28,650,0.1300559
28,650,0.158442
28,650,0.1286372
28,650,0.1878122
28,650,0.1820946
28,650,0.1583315
28,650,0.1297896
28,650,0.1603602
28,650,0.1280458
29,650,0.2673064
29,650,0.1925797
29,650,0.191509
29,650,0.1962607
29,650,0.1989166
29,650,0.2513561
29,650,0.199535
29,650,0.2556046
29,650,0.19161
29,650,0.2295661
0,845,9.72291e-2
0,845,9.7521e-2
0,845,9.69842e-2
0,845,0.1242829
0,845,0.1228132
0,845,9.45072e-2
0,845,9.44109e-2
0,845,9.4691e-2
0,845,0.1019079
0,845,9.86262e-2
1,845,0.290642
1,845,0.3153216
1,845,0.282466
1,845,0.3112443
1,845,0.2633053
1,845,0.2842257
1,845,0.3463857
1,845,0.2941313
1,845,0.2527355
1,845,0.2753249
2,845,0.2301961
2,845,0.256258
2,845,0.2146913
2,845,0.2641815
2,845,0.2106086
2,845,0.2200097
2,845,0.2401518
2,845,0.217884
2,845,0.2159293
2,845,0.215085
3,845,0.7640319
3,845,0.7796033
3,845,0.761597
3,845,0.750576
3,845,0.695741
3,845,0.7464325
3,845,0.7065058
3,845,0.7952254
3,845,0.8401096
3,845,0.7423194
4,845,0.3563274
4,845,0.2970592
4,845,0.2858511
4,845,0.3160372
4,845,0.291014
4,845,0.3190833
4,845,0.3185162
4,845,0.3487358
4,845,0.3219007
4,845,0.3134065
5,845,0.3877049
5,845,0.4244608
5,845,0.3874267
5,845,0.4480382
5,845,0.3921831
5,845,0.3821002
5,845,0.4474272
5,845,0.3805942
5,845,0.4442039
5,845,0.3936281
6,845,0.3012683
6,845,0.252213
6,845,0.2737166
6,845,0.2446926
6,845,0.2938471
6,845,0.26648
6,845,0.2854052
6,845,0.2597001
6,845,0.2667115
6,845,0.2710548
7,845,0.7719932
7,845,0.7344539
7,845,0.6943689
7,845,0.7714998
7,845,0.7681442
7,845,0.7409358
7,845,0.7269638
7,845,0.8085011
7,845,0.7469764
7,845,0.7588306
8,845,0.1970486
8,845,0.1675048
8,845,0.1786857
8,845,0.2224429
8,845,0.1998275
8,845,0.2125742
8,845,0.1668818
8,845,0.1651725
8,845,0.1924032
8,845,0.1656835
9,845,0.2505466
9,845,0.2973193
9,845,0.2890478
9,845,0.2965713
9,845,0.2416284
9,845,0.2419373
9,845,0.243718
9,845,0.2514503
9,845,0.2495205
9,845,0.2520729
10,845,0.3757462
10,845,0.3055675
10,845,0.3384555
10,845,0.3491162
10,845,0.2781457
10,845,0.2844291
10,845,0.3239418
10,845,0.3158506
10,845,0.293658
10,845,0.3353837
11,845,0.1170583
11,845,9.78788e-2
11,845,9.79758e-2
11,845,9.75495e-2
11,845,9.92519e-2
11,845,0.1227336
11,845,9.31799e-2
11,845,9.36967e-2
11,845,9.38044e-2
11,845,9.29797e-2
12,845,0.1674029
12,845,0.1708078
12,845,0.172332
12,845,0.1705353
12,845,0.2157655
12,845,0.1981554
12,845,0.1763417
12,845,0.169795
12,845,0.1980149
12,845,0.1976664
13,845,0.162244
13,845,0.187339
13,845,0.2133183
13,845,0.2283195
13,845,0.1855713
13,845,0.1737106
13,845,0.1615767
13,845,0.2148105
13,845,0.1901222
13,845,0.1660546
14,845,0.1191966
14,845,0.1533197
14,845,0.1116653
14,845,0.1303313
14,845,0.1161224
14,845,0.1163687
14,845,0.1134438
14,845,0.1148901
14,845,0.113441
14,845,0.1434995
15,845,0.1238201
15,845,0.1293211
15,845,0.1259014
15,845,0.1547011
15,845,0.1654385
15,845,0.1820378
15,845,0.152757
15,845,0.1522333
15,845,0.1219834
15,845,0.1280092
16,845,0.3319646
16,845,0.3117919
16,845,0.3155151
16,845,0.2851316
16,845,0.3022642
16,845,0.2671725
16,845,0.3101536
16,845,0.2611522
16,845,0.2763759
16,845,0.2869733
17,845,0.3736917
17,845,0.3670549
17,845,0.4110304
17,845,0.398056
17,845,0.4058181
17,845,0.4493183
17,845,0.4081048
17,845,0.425877
17,845,0.4058015
17,845,0.4011961
18,845,0.35388
18,845,0.4151246
18,845,0.3107924
18,845,0.3630907
18,845,0.3124923
18,845,0.3116357
18,845,0.3553253
18,845,0.3087453
18,845,0.3722607
18,845,0.3419911
19,845,0.1472994
19,845,0.1526131
19,845,0.1530779
19,845,0.1557978
19,845,0.1619825
19,845,0.1988416
19,845,0.1561537
19,845,0.1929104
19,845,0.1917879
19,845,0.1491313
20,845,0.2088485
20,845,0.1883912
20,845,0.1917027
20,845,0.2294769
20,845,0.2085135
20,845,0.1761665
20,845,0.2052227
20,845,0.2019233
20,845,0.2051102
20,845,0.180843
21,845,0.1364492
21,845,0.1333612
21,845,0.1330905
21,845,0.1524572
21,845,0.1792179
21,845,0.159018
21,845,0.132674
21,845,0.1665877
21,845,0.1656562
21,845,0.1428862
22,845,0.5365037
22,845,0.5462629
22,845,0.5177859
22,845,0.5015059
22,845,0.4872144
22,845,0.5436851
22,845,0.486082
22,845,0.5220948
22,845,0.5685374
22,845,0.4774521
23,845,0.1107285
23,845,0.1395803
23,845,0.1126448
23,845,0.1148624
23,845,0.1258318
23,845,0.1155606
23,845,0.1095831
23,845,0.1089778
23,845,0.1388653
23,845,0.1152659
24,845,0.1834276
24,845,0.2045088
24,845,0.1895725
24,845,0.1774664
24,845,0.1998157
24,845,0.1778992
24,845,0.2086626
24,845,0.1939196
24,845,0.1826749
24,845,0.210587
25,845,0.3179421
25,845,0.3309
25,845,0.3358691
25,845,0.3190841
25,845,0.3690543
25,845,0.3130804
25,845,0.3111879
25,845,0.3240181
25,845,0.3874622
25,845,0.3441622
26,845,0.2009479
26,845,0.2072753
26,845,0.2092882
26,845,0.2595948
26,845,0.2063655
26,845,0.2100859
26,845,0.2486256
26,845,0.2046434
26,845,0.2600505
26,845,0.2082981
27,845,0.2361164
27,845,0.2377981
27,845,0.2860939
27,845,0.2297497
27,845,0.3199736
27,845,0.2415512
27,845,0.2672434
27,845,0.2315621
27,845,0.2303765
27,845,0.2273257
28,845,1.0411915
28,845,1.1269021
28,845,1.1533628
28,845,1.1320471
28,845,1.051932
28,845,1.0521439
28,845,1.0453044
28,845,1.0368064
28,845,1.0379218
28,845,1.001863
29,845,0.551722
29,845,0.4866308
29,845,0.5142917
29,845,0.4981748
29,845,0.4866338
29,845,0.5663801
29,845,0.5081832
29,845,0.5738785
29,845,0.5007679
29,845,0.5143204
0,1099,0.6375717
0,1099,0.629184
0,1099,0.5535147
0,1099,0.5621766
0,1099,0.5896617
0,1099,0.6746361
0,1099,0.5585068
0,1099,0.5766503
0,1099,0.624184
0,1099,0.6222142
1,1099,0.6389685
1,1099,0.5840765
1,1099,0.6823119
1,1099,0.6342866
1,1099,0.5791753
1,1099,0.6040215
1,1099,0.5946496
1,1099,0.6114657
1,1099,0.6575133
1,1099,0.6049812
2,1099,0.8866547
2,1099,0.9036482
2,1099,1.0365752
2,1099,0.9838204
2,1099,0.9690228
2,1099,1.1738409
2,1099,1.1676195
2,1099,1.0570106
2,1099,0.9767693
2,1099,0.963711
3,1099,1.0093773
3,1099,0.9495345
3,1099,0.9734585
3,1099,0.9367894
3,1099,0.9341363
3,1099,1.0151267
3,1099,0.9460445
3,1099,1.0093193
3,1099,1.0113735
3,1099,0.9779459
4,1099,0.5716035
4,1099,0.505641
4,1099,0.4818941
4,1099,0.5734004
4,1099,0.518573
4,1099,0.6253548
4,1099,0.5296137
4,1099,0.5642282
4,1099,0.5118207
4,1099,0.5402382
5,1099,0.2353587
5,1099,0.2618421
5,1099,0.2181091
5,1099,0.2558234
5,1099,0.2034609
5,1099,0.279001
5,1099,0.2597245
5,1099,0.2271045
5,1099,0.2217883
5,1099,0.2077802
6,1099,0.3291884
6,1099,0.3243107
6,1099,0.2914326
6,1099,0.3951858
6,1099,0.2695292
6,1099,0.2893289
6,1099,0.330991
6,1099,0.331325
6,1099,0.2931632
6,1099,0.3380071
7,1099,0.2813055
7,1099,0.3127826
7,1099,0.2770103
7,1099,0.2766166
7,1099,0.2991734
7,1099,0.2255759
7,1099,0.2825586
7,1099,0.2698498
7,1099,0.266471
7,1099,0.2626623
8,1099,0.7842934
8,1099,0.7379889
8,1099,0.8928289
8,1099,0.7409563
8,1099,0.8808976
8,1099,0.8191587
8,1099,0.7709504
8,1099,0.780976
8,1099,0.7855447
8,1099,0.7354536
9,1099,0.1924575
9,1099,0.1934314
9,1099,0.1712881
9,1099,0.2422699
9,1099,0.214485
9,1099,0.2161836
9,1099,0.1741235
9,1099,0.1978071
9,1099,0.2049211
9,1099,0.173254
10,1099,2.4762096
10,1099,2.4639833
10,1099,2.5369217
10,1099,2.6730962
10,1099,2.3847913
10,1099,2.4663094
10,1099,2.5023322
10,1099,2.6657557
10,1099,2.5055095
10,1099,2.5705589
11,1099,0.325702
11,1099,0.3198504
11,1099,0.3203519
11,1099,0.2748676
11,1099,0.2751077
11,1099,0.3181618
11,1099,0.3373525
11,1099,0.3066821
11,1099,0.321162
11,1099,0.2738534
12,1099,1.1397099
12,1099,1.0215643
12,1099,1.1405469
12,1099,1.2160198
12,1099,1.1324704
12,1099,1.0813179
12,1099,1.0275978
12,1099,1.0461385
12,1099,1.1056034
12,1099,1.0848668
13,1099,0.5440576
13,1099,0.6094542
13,1099,0.6473408
13,1099,0.5428346
13,1099,0.6689505
13,1099,0.5982083
13,1099,0.7015651
13,1099,0.6059189
13,1099,0.6191724
13,1099,0.6080314
14,1099,0.337326
14,1099,0.2764278
14,1099,0.2919665
14,1099,0.3321229
14,1099,0.2532228
14,1099,0.3006744
14,1099,0.3190357
14,1099,0.2582396
14,1099,0.310828
14,1099,0.3300424
15,1099,0.295564
15,1099,0.3335863
15,1099,0.3535698
15,1099,0.3561442
15,1099,0.3540519
15,1099,0.282542
15,1099,0.2864571
15,1099,0.3096686
15,1099,0.3740163
15,1099,0.3032037
16,1099,0.8056662
16,1099,0.7658624
16,1099,0.7862759
16,1099,0.772826
16,1099,0.6674048
16,1099,0.6802388
16,1099,0.6917618
16,1099,0.8110592
16,1099,0.7951733
16,1099,0.7720872
17,1099,0.9041442
17,1099,0.8344505
17,1099,0.8002115
17,1099,0.901925
17,1099,0.8658167
17,1099,0.7559703
17,1099,0.8500372
17,1099,0.7332925
17,1099,0.8688495
17,1099,0.92263
18,1099,1.0993098
18,1099,1.1361321
18,1099,1.0636713
18,1099,1.1428299
18,1099,1.284768
18,1099,1.238251
18,1099,1.2041973
18,1099,1.1927024
18,1099,1.1302951
18,1099,1.0678225
19,1099,0.3042399
19,1099,0.3433992
19,1099,0.3673678
19,1099,0.3969368
19,1099,0.3340425
19,1099,0.359682
19,1099,0.3286596
19,1099,0.3187987
19,1099,0.3564387
19,1099,0.4034729
20,1099,0.4163365
20,1099,0.4436011
20,1099,0.4780866
20,1099,0.4665664
20,1099,0.4171577
20,1099,0.472894
20,1099,0.4306687
20,1099,0.5388141
20,1099,0.4285175
20,1099,0.4951998
21,1099,0.3581936
21,1099,0.3643572
21,1099,0.401903
21,1099,0.3596233
21,1099,0.417733
21,1099,0.3982237
21,1099,0.3279815
21,1099,0.3759232
21,1099,0.3920132
21,1099,0.3871515
22,1099,0.4792614
22,1099,0.4797615
22,1099,0.4608549
22,1099,0.4599269
22,1099,0.4575371
22,1099,0.4311285
22,1099,0.4634446
22,1099,0.4591745
22,1099,0.528897
22,1099,0.4922663
23,1099,0.3993327
23,1099,0.3503754
23,1099,0.4352686
23,1099,0.3641889
23,1099,0.3516681
23,1099,0.4243887
23,1099,0.4054176
23,1099,0.3701828
23,1099,0.3416241
23,1099,0.375692
24,1099,2.4914368
24,1099,2.2975647
24,1099,2.1777518
24,1099,2.3928281
24,1099,2.2747801
24,1099,2.0948334
24,1099,2.2282627
24,1099,2.4553436
24,1099,2.2914753
24,1099,2.1149753
25,1099,0.2460217
25,1099,0.2781026
25,1099,0.2260589
25,1099,0.2714136
25,1099,0.3023229
25,1099,0.2549918
25,1099,0.2359815
25,1099,0.341946
25,1099,0.2552614
25,1099,0.3435699
26,1099,0.4127471
26,1099,0.4714521
26,1099,0.4280533
26,1099,0.4983429
26,1099,0.4179838
26,1099,0.4774427
26,1099,0.4673121
26,1099,0.4157815
26,1099,0.3963431
26,1099,0.4181662
27,1099,1.3583497
27,1099,1.5075212
27,1099,1.5745219
27,1099,1.2897876
27,1099,1.4967032
27,1099,1.4605266
27,1099,1.3978571
27,1099,1.3543135
27,1099,1.363659
27,1099,1.2824172
28,1099,0.4081536
28,1099,0.4338095
28,1099,0.4213066
28,1099,0.3628785
28,1099,0.3815783
28,1099,0.3994937
28,1099,0.4979296
28,1099,0.4727724
28,1099,0.4220381
28,1099,0.4321885
29,1099,2.3489236
29,1099,2.4767155
29,1099,2.541155
29,1099,2.5161094
29,1099,2.3893393
29,1099,2.5647877
29,1099,2.392937
29,1099,2.5056089
29,1099,2.5910456
29,1099,2.4641821
0,1429,3.3211993
0,1429,3.2355836
0,1429,3.2551318
0,1429,3.1548225
0,1429,3.11476
0,1429,3.3525361
0,1429,3.3962528
0,1429,3.2554612
0,1429,3.2535274
0,1429,3.4956044
1,1429,0.6602471
1,1429,0.5656354
1,1429,0.6111153
1,1429,0.6629248
1,1429,0.6047148
1,1429,0.6288992
1,1429,0.6480152
1,1429,0.6809355
1,1429,0.5990662
1,1429,0.6119331
2,1429,1.8695163
2,1429,1.8558844
2,1429,1.7677073
2,1429,1.7460991
2,1429,1.8259451
2,1429,1.759857
2,1429,1.7822753
2,1429,1.9543146
2,1429,1.8454112
2,1429,1.839964
3,1429,0.7577883
3,1429,0.7730356
3,1429,0.7356034
3,1429,0.8863702
3,1429,0.8055342
3,1429,0.8414269
3,1429,0.8802867
3,1429,0.8028283
3,1429,0.7078686
3,1429,0.7386524
4,1429,0.8110187
4,1429,0.7847149
4,1429,0.7398506
4,1429,0.9603883
4,1429,0.8333536
4,1429,0.8474515
4,1429,0.9920872
4,1429,0.8855452
4,1429,0.8255671
4,1429,0.9453066
5,1429,0.4261159
5,1429,0.4386049
5,1429,0.4998685
5,1429,0.4087662
5,1429,0.3836948
5,1429,0.4137296
5,1429,0.4614545
5,1429,0.468178
5,1429,0.4616925
5,1429,0.3975733
6,1429,0.3787178
6,1429,0.3591615
6,1429,0.430783
6,1429,0.4085261
6,1429,0.3749606
6,1429,0.414317
6,1429,0.3669521
6,1429,0.3994639
6,1429,0.4323284
6,1429,0.3981955
7,1429,1.0989975
7,1429,1.2234566
7,1429,1.2394674
7,1429,1.191863
7,1429,1.2215113
7,1429,1.0208788
7,1429,1.0295977
7,1429,1.1650652
7,1429,1.0939733
7,1429,1.104638
8,1429,0.5430711
8,1429,0.662401
8,1429,0.5347136
8,1429,0.6544205
8,1429,0.6390244
8,1429,0.6015204
8,1429,0.6771981
8,1429,0.5726111
8,1429,0.571751
8,1429,0.6935076
9,1429,0.6294796
9,1429,0.6421761
9,1429,0.6017748
9,1429,0.5897963
9,1429,0.5881443
9,1429,0.7180619
9,1429,0.5816064
9,1429,0.6874969
9,1429,0.6469319
9,1429,0.8117179
10,1429,1.0002792
10,1429,1.0603685
10,1429,1.0790802
10,1429,1.1699225
10,1429,0.9671688
10,1429,0.9908786
10,1429,1.1130321
10,1429,0.974816
10,1429,0.8576241
10,1429,1.0834561
11,1429,0.9519531
11,1429,0.8715508
11,1429,0.9365673
11,1429,0.7642565
11,1429,0.8712768
11,1429,0.8349078
11,1429,0.8407373
11,1429,0.78771
11,1429,0.8749371
11,1429,0.9781075
12,1429,4.929312
12,1429,4.7446013
12,1429,4.7265441
12,1429,4.6797075
12,1429,4.7763384
12,1429,4.804213
12,1429,5.1659569
12,1429,4.8668824
12,1429,4.9222637
12,1429,4.8276139
13,1429,1.2520162
13,1429,1.0562977
13,1429,1.2744212
13,1429,1.4554776
13,1429,1.2286288
13,1429,1.1427248
13,1429,1.0486812
13,1429,1.1670076
13,1429,1.1608913
13,1429,1.0708323
14,1429,1.317202
14,1429,1.3951503
14,1429,1.3231491
14,1429,1.3595058
14,1429,1.3385024
14,1429,1.4264815
14,1429,1.2544663
14,1429,1.3964395
14,1429,1.30271
14,1429,1.3678311
15,1429,0.6706044
15,1429,0.638397
15,1429,0.6756661
15,1429,0.7615596
15,1429,0.6809784
15,1429,0.7168789
15,1429,0.6585053
15,1429,0.6711653
15,1429,0.7241904
15,1429,0.6613377
16,1429,1.401967
16,1429,1.3870505
16,1429,1.399049
16,1429,1.4074977
16,1429,1.342331
16,1429,1.3242598
16,1429,1.3550651
16,1429,1.3226888
16,1429,1.5660307
16,1429,1.2160857
17,1429,1.2941951
17,1429,1.2949394
17,1429,1.1821658
17,1429,1.2978501
17,1429,1.2946316
17,1429,1.3547617
17,1429,1.3321345
17,1429,1.2698728
17,1429,1.2229347
17,1429,1.2411773
18,1429,2.4897514
18,1429,2.6852319
18,1429,2.4952062
18,1429,2.47697
18,1429,2.4945398
18,1429,2.5409978
18,1429,2.5342011
18,1429,2.5620975
18,1429,2.6795534
18,1429,2.5363916
19,1429,1.2915939
19,1429,1.313847
19,1429,1.2547115
19,1429,1.3075582
19,1429,1.359708
19,1429,1.2759157
19,1429,1.1786395
19,1429,1.2169455
19,1429,1.3106634
19,1429,1.273283
20,1429,0.7940539
20,1429,0.7936875
20,1429,0.6951492
20,1429,0.7973393
20,1429,0.7417108
20,1429,0.7626429
20,1429,0.8832432
20,1429,0.8536173
20,1429,0.9105774
20,1429,0.8375704
21,1429,0.7311205
21,1429,0.6974168
21,1429,0.6253102
21,1429,0.6787181
21,1429,0.6595528
21,1429,0.6524578
21,1429,0.6087026
21,1429,0.658397
21,1429,0.741188
21,1429,0.6988745
22,1429,1.3145519
22,1429,1.3506547
22,1429,1.1549284
22,1429,1.2720796
22,1429,1.2592303
22,1429,1.2054545
22,1429,1.17774
22,1429,1.2447436
22,1429,1.314916
22,1429,1.250784
23,1429,1.0343247
23,1429,1.0029587
23,1429,1.0305449
23,1429,0.9888277
23,1429,1.0269851
23,1429,0.9744856
23,1429,1.01577
23,1429,1.0662001
23,1429,1.3634465
23,1429,1.1704505
24,1429,1.8336645
24,1429,1.8560898
24,1429,1.8406378
24,1429,1.935105
24,1429,1.7707977
24,1429,1.7927422
24,1429,1.8349116
24,1429,1.9156743
24,1429,1.8641574
24,1429,1.7932694
25,1429,1.2299807
25,1429,1.2012365
25,1429,1.2472777
25,1429,1.1755977
25,1429,1.24348
25,1429,1.2665418
25,1429,1.2780884
25,1429,1.3259243
25,1429,1.1557444
25,1429,1.1719495
26,1429,0.455863
26,1429,0.3976157
26,1429,0.5090807
26,1429,0.5000495
26,1429,0.4436033
26,1429,0.4789216
26,1429,0.4932191
26,1429,0.4761819
26,1429,0.4355506
26,1429,0.4824135
27,1429,3.1646409
27,1429,3.0979268
27,1429,3.1089088
27,1429,2.9850251
27,1429,3.110876
27,1429,2.9961789
27,1429,3.4063735
27,1429,3.0267569
27,1429,3.2146249
27,1429,3.1479837
28,1429,1.8295893
28,1429,1.7946094
28,1429,1.8282029
28,1429,1.8694141
28,1429,1.8028978
28,1429,1.9013508
28,1429,1.9032263
28,1429,1.8849204
28,1429,1.7196488
28,1429,1.7458364
29,1429,2.9153225
29,1429,2.8972872
29,1429,2.8449187
29,1429,2.8736711
29,1429,2.9342292
29,1429,2.9752237
29,1429,2.8358441
29,1429,3.0490692
29,1429,3.2953024
29,1429,2.9052652
0,1858,2.3832916
0,1858,2.3211939
0,1858,2.4172814
0,1858,2.5090219
0,1858,2.223655
0,1858,2.3624733
0,1858,2.4686885
0,1858,2.5012053
0,1858,2.3988445
0,1858,2.4336989
1,1858,1.3229004
1,1858,1.3958535
1,1858,1.5336976
1,1858,1.4997402
1,1858,1.4970885
1,1858,1.3103825
1,1858,1.3353526
1,1858,1.3289812
1,1858,1.2555394
1,1858,1.5532289
2,1858,0.9664556
2,1858,0.9728539
2,1858,1.0049399
2,1858,0.9177575
2,1858,0.8935529
2,1858,1.1028282
2,1858,1.0510598
2,1858,0.9917959
2,1858,0.9966253
2,1858,0.957466
3,1858,2.4051901
3,1858,2.4241297
3,1858,2.3101842
3,1858,2.3263571
3,1858,2.4427546
3,1858,2.4451882
3,1858,2.4759146
3,1858,2.4159815
3,1858,2.3185342
3,1858,2.3751842
4,1858,1.2404936
4,1858,1.1797144
4,1858,1.2246607
4,1858,1.2419216
4,1858,1.2569834
4,1858,1.2965996
4,1858,1.1546562
4,1858,1.3440307
4,1858,1.288631
4,1858,1.3445702
5,1858,1.4636634
5,1858,1.4094271
5,1858,1.4760458
5,1858,1.3472166
5,1858,1.4087387
5,1858,1.4238109
5,1858,1.3820384
5,1858,1.3872046
5,1858,1.605038
5,1858,1.4102506
6,1858,0.8932719
6,1858,0.7998264
6,1858,0.8898827
6,1858,0.9150713
6,1858,0.9003716
6,1858,0.9567382
6,1858,0.9071369
6,1858,0.9333783
6,1858,0.9566952
6,1858,0.8213009
7,1858,0.9988321
7,1858,1.1238544
7,1858,1.0014498
7,1858,1.028823
7,1858,0.9970877
7,1858,1.0099366
7,1858,1.139941
7,1858,1.0832558
7,1858,0.9903104
7,1858,0.9302907
8,1858,1.3554741
8,1858,1.3134854
8,1858,1.4692139
8,1858,1.3530812
8,1858,1.3040229
8,1858,1.253911
8,1858,1.2893331
8,1858,1.4152672
8,1858,1.3520159
8,1858,1.3351322
9,1858,1.7654182
9,1858,1.6729505
9,1858,1.7590026
9,1858,1.6393627
9,1858,1.6755173
9,1858,1.8605284
9,1858,1.7598694
9,1858,1.9402938
9,1858,1.7789538
9,1858,1.7746985
10,1858,3.2911513
10,1858,3.4437117
10,1858,3.4544409
10,1858,3.5943917
10,1858,3.6296776
10,1858,3.6738527
10,1858,3.4645998
10,1858,3.371774
10,1858,3.4804334
10,1858,3.3635962
11,1858,2.9335971
11,1858,2.8602926
11,1858,2.9710366
11,1858,2.875384
11,1858,2.7999732
11,1858,3.012708
11,1858,3.1511073
11,1858,2.9878047
11,1858,3.0220293
11,1858,2.8748298
12,1858,11.6875079
12,1858,12.095281
12,1858,11.5270164
12,1858,11.2028824
12,1858,11.3946792
12,1858,11.133024
12,1858,11.6368087
12,1858,11.3651749
12,1858,11.2880838
12,1858,11.2914272
13,1858,2.0378558
13,1858,1.9364031
13,1858,1.947127
13,1858,1.9857671
13,1858,1.9436227
13,1858,1.9083916
13,1858,1.9150022
13,1858,2.0036485
13,1858,1.9051685
13,1858,1.9473033
14,1858,1.4544709
14,1858,1.3609273
14,1858,1.3763362
14,1858,1.4275707
14,1858,1.3421806
14,1858,1.5330427
14,1858,1.3797962
14,1858,1.3927582
14,1858,1.359312
14,1858,1.2909697
15,1858,1.2666623
15,1858,1.312568
15,1858,1.4241172
15,1858,1.349556
15,1858,1.4156948
15,1858,1.2854545
15,1858,1.2112506
15,1858,1.2911559
15,1858,1.401095
15,1858,1.3277056
16,1858,2.8462067
16,1858,2.6316668
16,1858,2.8178885
16,1858,3.0028381
16,1858,2.914577
16,1858,2.8387274
16,1858,2.8861874
16,1858,2.7354522
16,1858,2.9421397
16,1858,2.8407417
17,1858,3.352838
17,1858,3.4400057
17,1858,3.303541
17,1858,3.350626
17,1858,3.2874102
17,1858,3.5809477
17,1858,3.3659614
17,1858,3.6028607
17,1858,3.3114033
17,1858,3.4852527
18,1858,3.7752823
18,1858,3.8867766
18,1858,3.6791315
18,1858,3.5806433
18,1858,3.9630612
18,1858,3.7533111
18,1858,3.9788397
18,1858,4.0271029
18,1858,3.7303255
18,1858,3.8276735
19,1858,1.9186875
19,1858,1.8161797
19,1858,1.8580983
19,1858,1.7098431
19,1858,1.8250376
19,1858,1.7903807
19,1858,1.9060769
19,1858,1.917755
19,1858,1.7855197
19,1858,1.9169154
20,1858,1.4439212
20,1858,1.3557039
20,1858,1.400362
20,1858,1.2531471
20,1858,1.3165012
20,1858,1.4329991
20,1858,1.307757
20,1858,1.3743674
20,1858,1.5237382
20,1858,1.4311071
21,1858,1.2751122
21,1858,1.1444488
21,1858,1.2895729
21,1858,1.2605325
21,1858,1.1915178
21,1858,1.1985097
21,1858,1.2629209
21,1858,1.2528416
21,1858,1.2014495
21,1858,1.1670637
22,1858,0.8984154
22,1858,1.0995164
22,1858,0.9908351
22,1858,0.9544433
22,1858,0.8694409
22,1858,0.9528114
22,1858,0.9147195
22,1858,0.8646994
22,1858,0.8897725
22,1858,0.8249453
23,1858,1.4936968
23,1858,1.3483701
23,1858,1.5164274
23,1858,1.5064218
23,1858,1.539453
23,1858,1.4871157
23,1858,1.4315931
23,1858,1.5420978
23,1858,1.4560696
23,1858,1.4556104
24,1858,2.1986776
24,1858,2.141999
24,1858,2.0239626
24,1858,2.1663075
24,1858,2.1953295
24,1858,2.2468445
24,1858,2.0944279
24,1858,2.0603165
24,1858,2.1739745
24,1858,2.1618934
25,1858,3.4304491
25,1858,3.1638729
25,1858,3.3204675
25,1858,3.2955803
25,1858,3.1311562
25,1858,3.0806046
25,1858,3.2499208
25,1858,3.1299818
25,1858,2.9547653
25,1858,3.3028697
26,1858,0.8141638
26,1858,0.861626
26,1858,0.9095565
26,1858,0.871777
26,1858,0.7778024
26,1858,0.8422619
26,1858,0.8076455
26,1858,0.9003887
26,1858,0.8334831
26,1858,0.80081
27,1858,8.3176568
27,1858,7.8390654
27,1858,8.0936264
27,1858,7.9323914
27,1858,8.0075078
27,1858,8.1962999
27,1858,7.9982273
27,1858,7.8506639
27,1858,8.025126
27,1858,7.4595408
28,1858,3.309996
28,1858,3.3147097
28,1858,3.3667933
28,1858,3.3315943
28,1858,3.3151768
28,1858,3.1277547
28,1858,3.3591837
28,1858,3.0448423
28,1858,3.2172779
28,1858,3.1765005
29,1858,4.4778745
29,1858,4.1244325
29,1858,4.3405527
29,1858,4.4363263
29,1858,4.6093763
29,1858,4.5786975
29,1858,4.6438438
29,1858,4.509479
29,1858,4.4615193
29,1858,4.2508403
0,2416,4.1833547
0,2416,4.1446771
0,2416,4.3672723
0,2416,4.0709173
0,2416,4.2722725
0,2416,4.1987398
0,2416,4.1494945
0,2416,4.2909011
0,2416,4.0967782
0,2416,4.1290559
1,2416,39.0885109
1,2416,36.966145
1,2416,37.1518553
1,2416,37.6249098
1,2416,37.9672291
1,2416,38.4634095
1,2416,38.4878085
1,2416,37.9419448
1,2416,38.6033658
1,2416,38.382304
2,2416,3.0747919
2,2416,3.0704024
2,2416,3.1223286
2,2416,2.9990745
2,2416,2.9861658
2,2416,3.0407683
2,2416,2.8777463
2,2416,3.0629776
2,2416,2.9785555
2,2416,2.8850516
3,2416,1.8637779
3,2416,1.6928796
3,2416,1.7103414
3,2416,1.7495303
3,2416,1.7217685
3,2416,1.609526
3,2416,1.8059994
3,2416,1.6974901
3,2416,1.8183824
3,2416,1.7422077
4,2416,3.3647052
4,2416,3.3085461
4,2416,3.3714833
4,2416,3.0594636
4,2416,3.403677
4,2416,3.1695311
4,2416,3.1594564
4,2416,3.2221642
4,2416,3.2971525
4,2416,3.2160192
5,2416,3.1206155
5,2416,3.0301112
5,2416,3.194818
5,2416,3.1330676
5,2416,2.8720732
5,2416,3.3242751
5,2416,2.9371777
5,2416,2.9942048
5,2416,3.1926486
5,2416,3.1819805
6,2416,4.4751748
6,2416,4.3205118
6,2416,4.1386844
6,2416,4.0795683
6,2416,4.0236618
6,2416,4.2184228
6,2416,4.1811373
6,2416,4.3428581
6,2416,4.3845349
6,2416,4.5357907
7,2416,3.030961
7,2416,2.9545245
7,2416,2.9794642
7,2416,2.8699401
7,2416,3.0306911
7,2416,3.1294808
7,2416,2.9862348
7,2416,3.2095489
7,2416,3.0548049
7,2416,2.9068629
8,2416,3.6553826
8,2416,3.6173878
8,2416,3.5945227
8,2416,3.6067125
8,2416,3.7380809
8,2416,3.5924241
8,2416,3.8033935
8,2416,3.6713267
8,2416,3.6823391
8,2416,3.6131922
9,2416,6.6030623
9,2416,6.4171127
9,2416,6.4856935
9,2416,6.3869009
9,2416,6.4453237
9,2416,6.2565147
9,2416,6.5027198
9,2416,6.0659164
9,2416,6.3433026
9,2416,6.2667467
10,2416,8.7718788
10,2416,8.9353093
10,2416,8.5188695
10,2416,8.6048423
10,2416,8.5298815
10,2416,8.772017
10,2416,8.7355645
10,2416,8.7020299
10,2416,9.0134959
10,2416,8.9667855
11,2416,14.9259239
11,2416,14.4837116
11,2416,14.6040606
11,2416,13.9612988
11,2416,13.8268336
11,2416,13.9325199
11,2416,13.9731811
11,2416,14.4842048
11,2416,14.3084261
11,2416,13.9267478
12,2416,3.6460323
12,2416,3.7394783
12,2416,3.6403773
12,2416,3.8370777
12,2416,3.6963527
12,2416,3.7618452
12,2416,3.746695
12,2416,3.8487971
12,2416,3.630224
12,2416,3.6989137
13,2416,5.5247499
13,2416,5.4550639
13,2416,5.5147282
13,2416,5.554987
13,2416,5.491959
13,2416,5.4975886
13,2416,5.7832796
13,2416,5.8197357
13,2416,5.7332225
13,2416,5.7087261
14,2416,4.4310906
14,2416,4.2814474
14,2416,4.2123449
14,2416,4.5382992
14,2416,4.3837731
14,2416,4.1268115
14,2416,4.0388951
14,2416,4.6787854
14,2416,4.49198
14,2416,4.6364975
15,2416,31.4779739
15,2416,32.3198095
15,2416,31.4475893
15,2416,31.6289636
15,2416,32.2621714
15,2416,32.7544731
15,2416,32.9418231
15,2416,35.4795151
15,2416,33.2195761
15,2416,32.0873444
16,2416,1.9483904
16,2416,1.9263291
16,2416,1.8826981
16,2416,1.8220895
16,2416,1.9073692
16,2416,1.9563136
16,2416,1.839445
16,2416,1.840153
16,2416,1.7274365
16,2416,1.6479949
17,2416,7.6232784
17,2416,7.7889814
17,2416,7.6022969
17,2416,7.4935795
17,2416,7.6262302
17,2416,7.6670573
17,2416,7.8094736
17,2416,7.4928093
17,2416,7.1393332
17,2416,7.5706073
18,2416,5.0336353
18,2416,5.2122265
18,2416,4.970647
18,2416,5.0864429
18,2416,5.1442045
18,2416,4.9583913
18,2416,4.7249482
18,2416,5.0745051
18,2416,4.8037564
18,2416,5.0570349
19,2416,2.8331463
19,2416,2.986929
19,2416,2.8014397
19,2416,2.708121
19,2416,2.9089162
19,2416,2.809046
19,2416,2.8754543
19,2416,2.6862568
19,2416,2.8152658
19,2416,2.7315102
20,2416,2.0308049
20,2416,2.1079209
20,2416,2.261752
20,2416,2.1275761
20,2416,2.0681193
20,2416,2.0086993
20,2416,2.0731562
20,2416,2.0184784
20,2416,2.1207093
20,2416,2.1001799
21,2416,4.3569983
21,2416,4.3981227
21,2416,4.5950464
21,2416,4.2227846
21,2416,4.4596723
21,2416,4.1233477
21,2416,4.4735673
21,2416,4.2106758
21,2416,4.2959637
21,2416,4.4376197
22,2416,3.1829974
22,2416,3.3240917
22,2416,3.3706431
22,2416,3.3395405
22,2416,3.143375
22,2416,3.1940566
22,2416,3.1838148
22,2416,3.0947048
22,2416,3.3565741
22,2416,3.3258432
23,2416,31.9222256
23,2416,29.9530129
23,2416,30.6923454
23,2416,30.5717525
23,2416,30.6380627
23,2416,30.4128785
23,2416,31.4756536
23,2416,29.9615263
23,2416,29.8973718
23,2416,31.2983341
24,2416,1.8449747
24,2416,1.6466812
24,2416,1.8031735
24,2416,1.7757548
24,2416,1.8450762
24,2416,1.7185936
24,2416,1.835286
24,2416,1.9425544
24,2416,1.7308446
24,2416,1.8032688
25,2416,2.6273768
25,2416,2.6838845
25,2416,2.6831213
25,2416,2.8532222
25,2416,2.5856526
25,2416,2.6310681
25,2416,2.6900161
25,2416,2.5230204
25,2416,2.6211845
25,2416,2.7530553
26,2416,15.2230933
26,2416,14.857803
26,2416,15.2478244
26,2416,14.8462146
26,2416,15.0217435
26,2416,14.9876563
26,2416,15.0706241
26,2416,14.8391057
26,2416,14.4770331
26,2416,14.5348626
27,2416,1.9314407
27,2416,1.9026636
27,2416,1.9115588
27,2416,2.1680179
27,2416,2.1020314
27,2416,1.9840103
27,2416,2.0594791
27,2416,2.3418307
27,2416,2.0872289
27,2416,2.2303255
28,2416,6.1414543
28,2416,6.3753153
28,2416,6.4565048
28,2416,6.3717271
28,2416,6.2273579
28,2416,6.2505968
28,2416,6.1292055
28,2416,6.4693856
28,2416,6.3939388
28,2416,6.5211983
29,2416,2.2153556
29,2416,2.2342582
29,2416,2.350632
29,2416,2.5299043
29,2416,2.1476697
29,2416,2.1375146
29,2416,2.1267351
29,2416,1.9606893
29,2416,2.1863215
29,2416,2.1937868
0,3141,22.832
0,3141,22.5370926
0,3141,22.9513108
0,3141,22.9329189
0,3141,23.5928479
0,3141,23.3873059
0,3141,22.711906
0,3141,23.334769
0,3141,23.1992649
0,3141,23.2448715
1,3141,39.4681687
1,3141,39.3628089
1,3141,38.7871169
1,3141,40.9690509
1,3141,40.3894479
1,3141,39.5149749
1,3141,40.7000303
1,3141,40.9207207
1,3141,40.8767335
1,3141,39.6165168
2,3141,2.9550908
2,3141,2.8570636
2,3141,3.0010823
2,3141,2.8636507
2,3141,2.9971801
2,3141,3.0494229
2,3141,3.0831714
2,3141,2.8686109
2,3141,3.1251663
2,3141,2.9238024
3,3141,4.8811042
3,3141,4.6797407
3,3141,4.6637444
3,3141,4.7747779
3,3141,4.6851948
3,3141,4.8561747
3,3141,4.8603408
3,3141,4.6384206
3,3141,4.8098909
3,3141,4.8868265
4,3141,8.084031
4,3141,7.8426427
4,3141,8.4603483
4,3141,7.8155445
4,3141,7.9263055
4,3141,8.1150986
4,3141,8.0644286
4,3141,7.9901091
4,3141,8.113589
4,3141,8.0031239
5,3141,3.8383443
5,3141,3.6914724
5,3141,3.8818461
5,3141,3.6738945
5,3141,3.6074431
5,3141,3.7694921
5,3141,3.7352876
5,3141,3.8058352
5,3141,3.9539664
5,3141,4.103964
6,3141,6.0895713
6,3141,6.1771506
6,3141,6.1094819
6,3141,6.0055924
6,3141,5.841822
6,3141,5.8629284
6,3141,5.8415324
6,3141,5.8617465
6,3141,5.8361371
6,3141,6.0893718
7,3141,4.4640873
7,3141,4.5203799
7,3141,4.6854292
7,3141,4.2954008
7,3141,4.3316923
7,3141,4.3310515
7,3141,4.4928776
7,3141,4.3756705
7,3141,4.6525553
7,3141,4.7215953
8,3141,4.6445287
8,3141,4.531545
8,3141,4.9066824
8,3141,4.7929405
8,3141,4.6592753
8,3141,4.4877911
8,3141,4.6436212
8,3141,4.7030071
8,3141,4.7835184
8,3141,4.7265458
9,3141,8.1003333
9,3141,8.2157224
9,3141,7.9904709
9,3141,7.9295884
9,3141,7.7718791
9,3141,7.7490689
9,3141,8.4093082
9,3141,8.0430097
9,3141,8.1711837
9,3141,7.8328451
10,3141,17.1613683
10,3141,16.9870631
10,3141,16.7690352
10,3141,17.2863563
10,3141,17.4787859
10,3141,17.6528296
10,3141,16.5795951
10,3141,17.6941765
10,3141,17.5974123
10,3141,17.1100933
11,3141,37.1853834
11,3141,35.3031212
11,3141,35.8916774
11,3141,36.3360028
11,3141,35.594247
11,3141,36.6403694
11,3141,35.5533743
11,3141,35.46437
11,3141,36.3088545
11,3141,36.0424185
12,3141,12.8088106
12,3141,13.1596411
12,3141,12.3548211
12,3141,12.781241
12,3141,12.5399485
12,3141,12.5347141
12,3141,12.7621575
12,3141,12.6619023
12,3141,12.706873
12,3141,12.943538
13,3141,8.0971743
13,3141,8.4586855
13,3141,8.3561
13,3141,8.2000328
13,3141,8.8447633
13,3141,8.5645332
13,3141,8.3285134
13,3141,8.4137506
13,3141,8.5178829
13,3141,8.1151924
14,3141,8.5821314
14,3141,9.1932105
14,3141,9.1997389
14,3141,8.7081841
14,3141,8.956012
14,3141,8.8958732
14,3141,9.0834329
14,3141,8.5930046
14,3141,8.8605843
14,3141,8.8313482
15,3141,125.6245593
15,3141,117.3793476
15,3141,117.2239149
15,3141,115.6642419
15,3141,118.7608901
15,3141,117.6736264
15,3141,121.0273074
15,3141,120.035698
15,3141,119.3339089
15,3141,119.0443948
16,3141,3.3554725
16,3141,3.4086246
16,3141,3.2068401
16,3141,3.299855
16,3141,3.557691
16,3141,3.1787234
16,3141,3.3552721
16,3141,3.4433962
16,3141,3.5792854
16,3141,3.2327066
17,3141,30.1340869
17,3141,27.7760239
17,3141,28.4238999
17,3141,29.411709
17,3141,28.8367461
17,3141,29.6062088
17,3141,29.148891
17,3141,27.8915012
17,3141,28.9671427
17,3141,29.0678493
18,3141,6.7719875
18,3141,6.4445404
18,3141,6.2514324
18,3141,6.6925809
18,3141,6.5318783
18,3141,6.4061248
18,3141,6.3548485
18,3141,6.654833
18,3141,6.2546763
18,3141,6.3367869
19,3141,7.4544805
19,3141,7.1998453
19,3141,6.9711201
19,3141,7.5058761
19,3141,6.8997319
19,3141,7.18261
19,3141,7.1665189
19,3141,7.1574826
19,3141,7.2211674
19,3141,7.2928662
20,3141,5.0540193
20,3141,4.9882893
20,3141,4.7679643
20,3141,4.8253425
20,3141,5.0874364
20,3141,4.9544027
20,3141,5.0911821
20,3141,5.1051668
20,3141,5.1022583
20,3141,4.9633733
21,3141,6.6066253
21,3141,6.6641416
21,3141,6.5280272
21,3141,6.2460738
21,3141,6.3348838
21,3141,6.3630473
21,3141,6.3045839
21,3141,6.7267305
21,3141,6.5756986
21,3141,6.4814016
22,3141,5.5081967
22,3141,5.4730539
22,3141,5.3662111
22,3141,5.4075547
22,3141,5.103905
22,3141,5.3642383
22,3141,5.3636145
22,3141,6.1830869
22,3141,5.3844151
22,3141,5.4395432
23,3141,27.0127019
23,3141,26.7904892
23,3141,27.157101
23,3141,27.3378322
23,3141,27.6291556
23,3141,27.0830055
23,3141,27.9624184
23,3141,27.6637287
23,3141,26.9255271
23,3141,27.2226473
24,3141,8.929025
24,3141,9.0826707
24,3141,9.0374093
24,3141,8.8096854
24,3141,9.0895373
24,3141,9.0964478
24,3141,8.4731663
24,3141,8.6104011
24,3141,8.9511137
24,3141,8.8846217
25,3141,6.1551002
25,3141,6.5385698
25,3141,6.6158363
25,3141,6.4253473
25,3141,6.1185806
25,3141,6.4915631
25,3141,6.1013785
25,3141,6.2131275
25,3141,6.6615304
25,3141,5.7537013
26,3141,44.2654967
26,3141,42.7437343
26,3141,42.7818743
26,3141,42.6530028
26,3141,43.401673
26,3141,43.3563623
26,3141,43.3211269
26,3141,42.3074279
26,3141,44.2834487
26,3141,43.021658
27,3141,3.8215838
27,3141,3.8230299
27,3141,3.5839884
27,3141,3.7961728
27,3141,3.8309197
27,3141,3.5560343
27,3141,3.7456152
27,3141,3.5793094
27,3141,3.6907571
27,3141,3.7113099
28,3141,4.0896658
28,3141,4.2247146
28,3141,4.2860638
28,3141,4.2323569
28,3141,4.442438
28,3141,4.3615037
28,3141,4.1232194
28,3141,4.0802921
28,3141,4.1065162
28,3141,4.1353096
29,3141,5.4117952
29,3141,5.1276953
29,3141,5.1386885
29,3141,5.424897
29,3141,5.6280492
29,3141,5.4784855
29,3141,5.2899495
29,3141,5.3197235
29,3141,5.1359134
29,3141,5.3262253
0,4084,81.1285375
0,4084,82.9926623
0,4084,82.136788
0,4084,83.8289157
0,4084,80.776583
0,4084,84.5580506
0,4084,81.1501206
0,4084,83.5769875
0,4084,81.4901367
0,4084,83.6978866
1,4084,37.1327631
1,4084,36.0915815
1,4084,36.2238119
1,4084,36.9177488
1,4084,36.9444707
1,4084,37.9063972
1,4084,35.766905
1,4084,37.2213277
1,4084,37.0493721
1,4084,36.3851598
2,4084,4.8250009
2,4084,4.6005807
2,4084,4.5315988
2,4084,4.5026866
2,4084,4.5478596
2,4084,4.4270178
2,4084,4.6864881
2,4084,4.5356272
2,4084,4.7213811
2,4084,4.8323444
3,4084,12.1249966
3,4084,12.0777763
3,4084,12.3631569
3,4084,12.1918834
3,4084,11.9048717
3,4084,11.6445438
3,4084,11.611831
3,4084,12.1047196
3,4084,11.7716126
3,4084,11.9672887
4,4084,8.5843095
4,4084,8.4307026
4,4084,8.4666702
4,4084,7.9073362
4,4084,8.3053787
4,4084,8.2492291
4,4084,8.2244469
4,4084,8.3802113
4,4084,8.5296372
4,4084,8.240012
5,4084,7.030461
5,4084,7.3373522
5,4084,7.1418827
5,4084,7.3061637
5,4084,6.7657588
5,4084,7.1361067
5,4084,6.6717395
5,4084,6.9437147
5,4084,7.1220147
5,4084,7.0574785
6,4084,21.6472045
6,4084,19.1870571
6,4084,19.092132
6,4084,19.5166957
6,4084,18.5536457
6,4084,19.4586166
6,4084,18.9008736
6,4084,19.1372696
6,4084,19.7082919
6,4084,18.667889
7,4084,16.2869941
7,4084,15.6717499
7,4084,15.5075077
7,4084,15.768605
7,4084,15.3664141
7,4084,15.7551337
7,4084,16.0885707
7,4084,15.9417943
7,4084,15.2312366
7,4084,15.4869529
8,4084,12.6162833
8,4084,12.5226872
8,4084,12.900132
8,4084,12.8493958
8,4084,13.1842071
8,4084,13.1487399
8,4084,13.2665426
8,4084,13.0921337
8,4084,12.8800205
8,4084,13.2086739
9,4084,22.0719126
9,4084,21.7584818
9,4084,21.9074388
9,4084,21.2357455
9,4084,21.7316114
9,4084,21.3069364
9,4084,21.2661836
9,4084,21.0778383
9,4084,21.9212257
9,4084,21.6823344
10,4084,18.4580442
10,4084,18.3128844
10,4084,18.2319414
10,4084,18.1864543
10,4084,17.8007836
10,4084,18.0896305
10,4084,18.3555482
10,4084,18.2765349
10,4084,18.680426
10,4084,17.8680748
11,4084,30.3843767
11,4084,29.3521992
11,4084,28.6503717
11,4084,29.2405828
11,4084,28.3360995
11,4084,29.1547946
11,4084,30.0647216
11,4084,29.6703941
11,4084,29.782009
11,4084,29.9989058
12,4084,40.1453969
12,4084,39.6746485
12,4084,38.9485787
12,4084,39.1325122
12,4084,38.9853865
12,4084,38.6856259
12,4084,39.6543202
12,4084,38.1125685
12,4084,39.5241327
12,4084,38.8350526
13,4084,17.1284992
13,4084,17.0642648
13,4084,17.0130937
13,4084,17.1166788
13,4084,17.8449379
13,4084,17.496463
13,4084,17.6255591
13,4084,17.7935843
13,4084,17.0871891
13,4084,17.5866357
14,4084,17.1767362
14,4084,17.3786254
14,4084,17.7971887
14,4084,17.5584644
14,4084,17.7022298
14,4084,17.3367683
14,4084,17.3999561
14,4084,16.9097164
14,4084,17.0891351
14,4084,16.6976639
15,4084,181.3323081
15,4084,178.328712
15,4084,180.6815532
15,4084,180.4947482
15,4084,179.4358623
15,4084,182.5881339
15,4084,180.0966583
15,4084,181.4236375
15,4084,178.0810528
15,4084,183.0944561
16,4084,19.6557607
16,4084,18.4542453
16,4084,19.44717
16,4084,19.1095075
16,4084,18.4576148
16,4084,18.9739043
16,4084,18.8903112
16,4084,19.3964245
16,4084,18.6911439
16,4084,19.5170684
17,4084,27.4939108
17,4084,27.3352252
17,4084,28.2409648
17,4084,27.9616282
17,4084,28.1574219
17,4084,27.4972804
17,4084,27.8120057
17,4084,27.9355114
17,4084,28.2357388
17,4084,28.7717126
18,4084,19.3840073
18,4084,18.9471591
18,4084,18.8744533
18,4084,18.4409474
18,4084,18.9390423
18,4084,18.5303932
18,4084,19.171584
18,4084,18.6103334
18,4084,18.9749438
18,4084,18.597381
19,4084,18.1709583
19,4084,17.1340864
19,4084,17.1356757
19,4084,17.3703448
19,4084,17.474112
19,4084,17.5002874
19,4084,17.8381396
19,4084,17.463342
19,4084,18.4877152
19,4084,17.3416271
20,4084,11.140831
20,4084,10.7828723
20,4084,11.2548641
20,4084,11.0572997
20,4084,10.6982053
20,4084,10.9336357
20,4084,10.9796683
20,4084,11.6269846
20,4084,10.6645418
20,4084,11.0463345
21,4084,13.0188275
21,4084,12.1654764
21,4084,12.6935597
21,4084,12.1801234
21,4084,12.3361321
21,4084,11.9003346
21,4084,12.1953586
21,4084,12.704237
21,4084,11.4173495
21,4084,11.922921
22,4084,8.6458363
22,4084,8.8259503
22,4084,8.8105883
22,4084,8.4715415
22,4084,8.9127778
22,4084,8.6376077
22,4084,9.4356747
22,4084,8.3622024
22,4084,9.0808279
22,4084,8.5244197
23,4084,51.6178116
23,4084,51.6404441
23,4084,51.3179156
23,4084,50.369184
23,4084,51.5797755
23,4084,51.5083493
23,4084,52.3509966
23,4084,50.8176718
23,4084,51.1105138
23,4084,50.0341374
24,4084,14.4369243
24,4084,14.0929978
24,4084,14.0553978
24,4084,14.6394645
24,4084,14.6586485
24,4084,14.3397665
24,4084,14.162772
24,4084,14.7320304
24,4084,14.0067564
24,4084,14.5878485
25,4084,8.485458
25,4084,8.2600076
25,4084,8.2681069
25,4084,8.6207836
25,4084,8.492655
25,4084,8.0062775
25,4084,8.5723958
25,4084,9.0663941
25,4084,8.6866886
25,4084,8.2285032
26,4084,47.0440697
26,4084,48.0014438
26,4084,47.4181404
26,4084,47.1584627
26,4084,47.638526
26,4084,46.3605298
26,4084,47.650529
26,4084,47.7825362
26,4084,47.2035121
26,4084,46.582138
27,4084,8.9184705
27,4084,8.7082406
27,4084,8.4780328
27,4084,8.7630996
27,4084,9.2321195
27,4084,8.8309202
27,4084,8.7238624
27,4084,8.6653348
27,4084,8.6574307
27,4084,8.9293812
28,4084,8.8911672
28,4084,8.8967681
28,4084,8.4396925
28,4084,8.5452897
28,4084,8.9997273
28,4084,9.2435948
28,4084,9.0330881
28,4084,8.7025462
28,4084,9.0957921
28,4084,8.8919965
29,4084,9.8069812
29,4084,9.3620262
29,4084,9.2924011
29,4084,9.03323
29,4084,9.0307784
29,4084,9.0814271
29,4084,9.0700422
29,4084,8.875164
29,4084,8.9971079
29,4084,9.3814412
0,5310,74.1986505
0,5310,72.8855216
1,5310,52.7811782
1,5310,51.6505035
2,5310,54.0670375
2,5310,55.7649163
3,5310,19.9120069
3,5310,20.1192956
4,5310,9.4706903
4,5310,9.4782312
5,5310,10.369402
5,5310,10.7612917
6,5310,70.801421
6,5310,72.8088824
7,5310,22.2557278
7,5310,21.1405759
8,5310,44.8564334
8,5310,43.0017148
9,5310,62.0289559
9,5310,66.8839995
10,5310,43.040761
10,5310,42.0612144
11,5310,15.4807055
11,5310,16.063726
12,5310,32.0393997
12,5310,30.733179
13,5310,67.0055604
13,5310,66.3491506
14,5310,349.550465
14,5310,349.1368472
0,6903,82.7015931
0,6903,82.2643482
1,6903,238.9880131
1,6903,219.8480205
2,6903,180.3901723
2,6903,170.4451096
3,6903,66.4795067
3,6903,66.3008247
4,6903,25.7072762
4,6903,25.8866759
5,6903,25.8739968
5,6903,25.7170786
6,6903,106.4625368
6,6903,103.5469201
7,6903,35.6247794
7,6903,34.7163619
8,6903,48.7112421
8,6903,49.4912745
9,6903,69.4359893
9,6903,66.9637964
10,6903,102.2038233
10,6903,102.4146243
11,6903,434.8903171
11,6903,436.2675399
12,6903,64.3761576
12,6903,63.7611436
13,6903,49.0351713
13,6903,48.5325449
14,6903,92.6731221
14,6903,94.3564498
0,8974,457.7923744
0,8974,453.1185995
1,8974,174.7424492
1,8974,178.8606604
2,8974,101.7572279
2,8974,103.226261
3,8974,28.0573562
3,8974,27.0074231
4,8974,92.9371149
4,8974,92.0133823
5,8974,42.2671102
5,8974,42.3825267
6,8974,242.6569934
6,8974,236.3204028
7,8974,55.2580998
7,8974,52.7195972
8,8974,53.1402931
8,8974,53.1696808
9,8974,115.9902798
9,8974,111.3765987
10,8974,438.8774634
10,8974,418.4977088
11,8974,136.5499212
11,8974,134.7606577
12,8974,181.3552131
12,8974,186.9353522
13,8974,77.5585464
13,8974,75.5308345
14,8974,154.5056783
14,8974,145.1917691
0,11667,533.5627977
0,11667,516.1939482
1,11667,155.8187229
1,11667,148.8319154
2,11667,202.9301816
2,11667,196.7638423
3,11667,97.6172978
3,11667,95.2291392
4,11667,480.991077
4,11667,461.330028
5,11667,150.351033
5,11667,147.3076579
6,11667,325.7046489
6,11667,308.8119975
7,11667,328.4379131
7,11667,328.1222861
8,11667,89.0229415
8,11667,87.6118116
9,11667,728.5789918
9,11667,683.3116141
10,11667,506.3112839
10,11667,479.3003888
11,11667,295.7602996
11,11667,280.2220084
12,11667,204.4116067
12,11667,193.7178964
13,11667,113.832951
13,11667,116.1422533
14,11667,472.748651
14,11667,476.4330969
0,15168,395.3877627
0,15168,396.1348504
1,15168,217.7612505
1,15168,209.1038019
2,15168,375.5273701
2,15168,358.4630286
3,15168,159.5302505
3,15168,157.7911949
4,15168,1833.7167025
4,15168,1737.2651573
5,15168,362.8244802
5,15168,361.2098379
6,15168,589.0022715
6,15168,580.4168272
7,15168,302.4398567
7,15168,300.8713397
8,15168,164.7146985
8,15168,161.5888889
9,15168,530.3098136
9,15168,517.6192694
10,15168,637.3871576
10,15168,612.7613025
11,15168,917.1976049
11,15168,871.3436922
12,15168,509.5319742
12,15168,504.7085366
13,15168,206.6848241
13,15168,207.675748
14,15168,840.791685
14,15168,789.5143727
0,19719,597.1589224
0,19719,581.7209842
1,19719,585.0337133
1,19719,556.6098115
2,19719,564.2698161
2,19719,540.9251223
3,19719,1049.8198675
3,19719,1041.927924
4,19719,731.6526063
4,19719,687.5567001
5,19719,1848.0311192
